Link,Name,Genre
https://scratch.mit.edu/projects/210270408,Per Earth!,Simulation
https://scratch.mit.edu/projects/212068226,Ice Cap Hero!,Shooter
https://scratch.mit.edu/projects/213865007,Eco Friendly Choices,Quiz
https://scratch.mit.edu/projects/213497977,Plants vs Zomseas,Clicker
https://scratch.mit.edu/projects/218168859,Adventures of TreeGuy,Platform
https://scratch.mit.edu/projects/142790748,Albedo Pong,Pong
https://scratch.mit.edu/projects/213257497,CO2 Pacman,Maze
https://scratch.mit.edu/projects/129177311,Save The Atmosphere!,Swipe Elimination
https://scratch.mit.edu/projects/165070872,Carbon Clicker,Storytelling
https://scratch.mit.edu/projects/143170691,Carbon Crusher,Puzzle
