,URL,Name,Exists,Game Genre
0,https:/scratch.mit.edu/projects/129150753/editor/,Solar Radiation.sb3,False,Unplayable/nan
2,https:/scratch.mit.edu/projects/131382669/editor/,Dat Boi Gets Around.sb3,False,Quiz/nan
4,https:/scratch.mit.edu/projects/129532769/editor/,Climate tower defense.sb3,False,
7,https:/scratch.mit.edu/projects/130705606/editor/,Untitled-3.sb3,False,Unplayable/nan
9,https:/scratch.mit.edu/projects/129151851/editor/,Welcome to the Greenhouse.sb3,False,Action
11,https:/scratch.mit.edu/projects/129147127/editor/,Infrared Invasion.sb3,False,Action
13,https:/scratch.mit.edu/projects/129532847/editor/,Deforestation game.sb3,False,Action/Swipe Elimination
15,https:/scratch.mit.edu/projects/129533232/editor/,Save The World.sb3,False,Action/Pong
17,https:/scratch.mit.edu/projects/129151366/editor/,extreme climate.sb3,False,Storytelling/nan
19,https:/scratch.mit.edu/projects/129532431/editor/,Carbon Destroyer.sb3,False,Action/Clicker
21,https:/scratch.mit.edu/projects/129217127/editor/,Eat The Carbon by Barry and Kyrene.sb3,False,Action/Swipe Elimination
23,https:/scratch.mit.edu/projects/129179080/editor/,Preventing Climate Change Emerald.sb3,False,Quiz/nan
25,https:/scratch.mit.edu/projects/129557515/editor/,Alex and Hannah's project.sb3,False,Action/Pong
27,https:/scratch.mit.edu/projects/130160517/editor/,Save The Polar Bear From Climate Change.sb3,False,Puzzle/nan
29,https:/scratch.mit.edu/projects/129181430/editor/,Save Blue Town from Rising Temperature.sb3,False,Quiz/nan
31,https:/scratch.mit.edu/projects/129175891/editor/,The Greenhouse Effect.sb3,False,Action/Pong
33,https:/scratch.mit.edu/projects/129175253/editor/,Pingu Needs Help.sb3,False,Puzzle/nan
35,https:/scratch.mit.edu/projects/129175558/editor/,What can we do?.sb3,False,Quiz/nan
37,https:/scratch.mit.edu/projects/129175360/editor/,Pool Day.sb3,False,Simulation/RPG
39,https:/scratch.mit.edu/projects/129175789/editor/,The Carbon Journey.sb3,False,
41,https:/scratch.mit.edu/projects/129208822/editor/,Climate Change Choose Your Own Adventure.sb3,False,Action
43,https:/scratch.mit.edu/projects/129553419/editor/,This World Is Crumbling T.W.I.C..sb3,False,
45,https:/scratch.mit.edu/projects/129112111/editor/,Polar bear emerald3a.sb3,False,Quiz/nan
47,https:/scratch.mit.edu/projects/129109101/editor/,Pollution Game.sb3,False,Action
49,https:/scratch.mit.edu/projects/129113450/editor/,The Green House Game.sb3,False,Action/Pong
51,https:/scratch.mit.edu/projects/129723521/editor/,CO2 journey.sb3,False,Action/Maze
52,https:/scratch.mit.edu/projects/129112463/editor/,PONG CLIMATE CHANGE.sb3,False,Action/Pong
53,https:/scratch.mit.edu/projects/129108168/editor/,planting trees game.sb3,False,Action/Clicker
54,https:/scratch.mit.edu/projects/126845274/editor/,Climate Change Game.sb3,False,Quiz/nan
56,https:/scratch.mit.edu/projects/129108557/editor/,Save My House.sb3,False,Quiz/nan
58,https:/scratch.mit.edu/projects/129107636/editor/,Climate Change Game!.sb3,False,
60,https:/scratch.mit.edu/projects/129109176/editor/,Help Gobo Save the World.sb3,False,Quiz/nan
62,https:/scratch.mit.edu/projects/129109590/editor/,Carlos's Guide to Climate Change.sb3,False,Quiz/nan
65,https:/scratch.mit.edu/projects/129136551/editor/,Ruler of the City.sb3,False,Quiz/nan
67,https:/scratch.mit.edu/projects/129506444/editor/,Save the polar bear.sb3,False,Quiz/nan
69,https:/scratch.mit.edu/projects/129132173/editor/,Avery's Life.sb3,False,Action/Swipe Elimination
70,https:/scratch.mit.edu/projects/129132380/editor/,Climate Change- Ice Melting.sb3,False,Quiz/nan
71,https:/scratch.mit.edu/projects/129132150/editor/,Flood Dodge.sb3,False,
72,https:/scratch.mit.edu/projects/129137174/editor/,Lumberjack simulator.sb3,False,Action/Clicker
73,https:/scratch.mit.edu/projects/129131832/editor/,Adventures Through Ice.sb3,False,Unplayable/nan
75,https:/scratch.mit.edu/projects/129132882/editor/,Climate Change Mario.sb3,False,Action/Platform
77,https:/scratch.mit.edu/projects/129133904/editor/,GAME.sb3,False,Quiz
79,https:/scratch.mit.edu/projects/129134019/editor/,Greenhouse Captivity.sb3,False,
81,https:/scratch.mit.edu/projects/129505443/editor/,Co2 Survival.sb3,False,Action/Clicker
89,https:/scratch.mit.edu/projects/131210000/editor/,What humans can do.sb3,False,Quiz
90,https:/scratch.mit.edu/projects/129151677/editor/,Saving the Polar Bears.sb3,False,Action/Pong
92,https:/scratch.mit.edu/projects/128884245/editor/,Climate Change Project.sb3,False,Quiz
93,https:/scratch.mit.edu/projects/129144339/editor/,Adeventures of Albedude Â©.sb3,False,Storytelling
95,https:/scratch.mit.edu/projects/129496171/editor/,The Real Life Disaster.sb3,False,Quiz
98,https:/scratch.mit.edu/projects/129969362/editor/,Heat absorber.sb3,False,Action/Pong
100,https:/scratch.mit.edu/projects/129969202/editor/,CO2 Stopper Copter.sb3,False,Action/Pong
102,https:/scratch.mit.edu/projects/129144529/editor/,Stop Global Warming.sb3,False,Quiz
103,https:/scratch.mit.edu/projects/129532331/editor/,Penguin Paradise.sb3,False,Quiz
105,https:/scratch.mit.edu/projects/129135793/editor/,Save The Trees.sb3,False,Quiz
107,https:/scratch.mit.edu/projects/129552733/editor/,World and Climate Changing Game.sb3,False,Action/Clicker
109,https:/scratch.mit.edu/projects/129181598/editor/,The Carbon Challenge.sb3,False,Action/Maze
110,https:/scratch.mit.edu/projects/129152444/editor/,AirMania.sb3,False,Simulation/City-building
112,https:/scratch.mit.edu/projects/129176644/editor/,EcoCash.sb3,False,Simulation/City-building
114,https:/scratch.mit.edu/projects/131009961/editor/,Save the Climate.sb3,False,Action/Pong
116,https:/scratch.mit.edu/projects/129177311/editor/,Save the Atmosphere!.sb3,False,Action/Swipe Elimination
118,https:/scratch.mit.edu/projects/129144529/editor/,Stop Global Warming_(2).sb3,False,Quiz
119,https:/scratch.mit.edu/projects/131700489/editor/,Save the Planet!.sb3,False,"Action/Platform, Clicker"
121,https:/scratch.mit.edu/projects/131720806/editor/,IvGroup7s2 Max Dylan.sb3,False,Action/Platform
123,https:/scratch.mit.edu/projects/129174445/editor/,Jump Into Climate Change!.sb3,False,Action/Platform
125,https:/scratch.mit.edu/projects/129178359/editor/,Save The Atmosphere.sb3,False,Action/Pong
130,https:/scratch.mit.edu/projects/129110587/editor/,Pollutionville Game!.sb3,False,Quiz
132,https:/scratch.mit.edu/projects/129552733/editor/,World and Climate Changing Game_(2).sb3,False,Action/Clicker
134,https:/scratch.mit.edu/projects/129565552/editor/,Decoposition.sb3,False,
135,https:/scratch.mit.edu/projects/129564450/editor/,The Night sky.sb3,False,Action/Clicker
137,https:/scratch.mit.edu/projects/129565728/editor/,ice saver.sb3,False,Action/Pong
139,https:/scratch.mit.edu/projects/129915141/editor/,CO2 Killer.sb3,False,Action/Clicker
140,https:/scratch.mit.edu/projects/129107977/editor/,Cloud Catching.sb3,False,Action/Swipe Elimination
142,https:/scratch.mit.edu/projects/131614215/editor/,Global Run-2.sb3,False,Action /Platform
143,https:/scratch.mit.edu/projects/129562720/editor/,Stacy's Adventure.sb3,False,Quiz
145,https:/scratch.mit.edu/projects/129107084/editor/,Carbon in the Water Cycle.sb3,False,Quiz
148,https:/scratch.mit.edu/projects/129500016/editor/,Molecule Game.sb3,False,Unplayable
152,https:/scratch.mit.edu/projects/129505971/editor/,co2 game.sb3,False,Action/Clicker
154,https:/scratch.mit.edu/projects/129134467/editor/,Space Game 1: Climate Change.sb3,False,Action/Pong
156,https:/scratch.mit.edu/projects/129133703/editor/,Melting Glaciers.sb3,False,Quiz
158,https:/scratch.mit.edu/projects/128882295/editor/,Clara and Mira's Project.sb3,False,Action/Clicker
161,https:/scratch.mit.edu/projects/129133223/editor/,Climate Change Cha Cha Slide.sb3,False,Quiz
163,https:/scratch.mit.edu/projects/130614446/editor/,The Climate Game.sb3,False,
165,https:/scratch.mit.edu/projects/129136056/editor/,CO2 destroyer.sb3,False,Action
167,https:/scratch.mit.edu/projects/129135793/editor/,Save The Trees_(2).sb3,False,
168,https:/scratch.mit.edu/projects/145502332/editor/,smol bean.sb3,False,Simulation/nan
169,https:/scratch.mit.edu/projects/141795915/editor/,Yum Project.sb3,False,Quiz/nan
170,https:/scratch.mit.edu/projects/142619738/editor/,PLANTING TREES.sb3,False,
171,https:/scratch.mit.edu/projects/143179714/editor/,The Choice.sb3,False,Quiz/nan
172,https:/scratch.mit.edu/projects/144080429/editor/,CARBON CLICKING (Arjun the other one was screwed up so I made a new one).sb3,False,Action/Clicker
173,https:/scratch.mit.edu/projects/142618845/editor/,puffs of smoke.sb3,False,Action/Clicker
174,https:/scratch.mit.edu/projects/142617346/editor/,Forest.sb3,False,Action/Swipe Elimination
175,https:/scratch.mit.edu/projects/143501933/editor/,government simulator.sb3,False,Quiz/GOVRNMENT SIMULATOR
176,https:/scratch.mit.edu/projects/143180632/editor/,You Can Stop Climate Change One Shopping Trip At A Time!.sb3,False,Action/Pong
177,https:/scratch.mit.edu/projects/143381986/editor/,Car Bike Atmosphere.sb3,False,Action/Swipe Elimination
178,https:/scratch.mit.edu/projects/143446891/editor/,Plant the Trees!.sb3,False,Action/Clicker
179,https:/scratch.mit.edu/projects/143432270/editor/,Julian and Zaidian Avoid the Fuels.sb3,False,
180,https:/scratch.mit.edu/projects/143163429/editor/,Deforestation Game.sb3,False,Action/Clicker
181,https:/scratch.mit.edu/projects/143435029/editor/,Climate Change Game_(2).sb3,False,Action/Swipe Elimination
182,https:/scratch.mit.edu/projects/144275907/editor/,Garden Simulator 2k17.sb3,False,Action/Clicker
185,https:/scratch.mit.edu/projects/142606997/editor/,Polluted Park.sb3,False,Action
186,https:/scratch.mit.edu/projects/143180040/editor/,The Chosen One.sb3,False,Quiz/nan
187,https:/scratch.mit.edu/projects/142606269/editor/,The Awesome Lamp Game.sb3,False,Action/Clicker
190,https:/scratch.mit.edu/projects/145869229/editor/,Joe and Aidan climate change slingshot thingy.sb3,False,Action/Clicker
191,https:/scratch.mit.edu/projects/145692876/editor/,Cut it out.sb3,False,Action/Platform
192,https:/scratch.mit.edu/projects/142620265/editor/,Trees vs LumberJack.sb3,False,Action/Maze
194,https:/scratch.mit.edu/projects/143182247/editor/,Don't Burn Up!.sb3,False,Quiz/nan
198,https:/scratch.mit.edu/projects/141844038/editor/,Climate Control.sb3,False,Action/Clicker
199,https:/scratch.mit.edu/projects/142605956/editor/,Factory Pollution.sb3,False,Action
201,https:/scratch.mit.edu/projects/142740755/editor/,Climate Change choices.sb3,False,Quiz/nan
208,https:/scratch.mit.edu/projects/142740373/editor/,Climate Pong.sb3,False,Action/Pong
225,https:/scratch.mit.edu/projects/142792810/editor/,Aidan and Yuval's game.sb3,False,
259,https:/scratch.mit.edu/projects/165069525/editor/,Project electro.sb3,False,Simulation/RPG
261,https:/scratch.mit.edu/projects/165070843/editor/,Scratch Climate Change Project.sb3,False,Action/Clicker
263,https:/scratch.mit.edu/projects/165073564/editor/,Abby's choices.sb3,False,Simulation/RPG
266,https:/scratch.mit.edu/projects/165070872/editor/,Carbon Clicker.sb3,False,Storytelling
269,https:/scratch.mit.edu/projects/165071206/editor/,`.sb3,False,Action/Platform
271,https:/scratch.mit.edu/projects/165072075/editor/,Climate Control_(2).sb3,False,Action/Pong
274,https:/scratch.mit.edu/projects/165074407/editor/,Save The Polar Ice Caps remix copy.sb3,False,Simulation/RPG
277,https:/scratch.mit.edu/projects/165072757/editor/,Reducing Meat Consumption.sb3,False,Action/Maze
278,https:/scratch.mit.edu/projects/165073712/editor/,Substantial Farming Simulator.sb3,False,Action
280,https:/scratch.mit.edu/projects/165196926/editor/,Dont break the ice remix emily and maddie.sb3,False,Action
282,https:/scratch.mit.edu/projects/165366313/editor/,Science Project.sb3,False,Unplayable
284,https:/scratch.mit.edu/projects/165085276/editor/,`_(2).sb3,False,Simulation/RPG
286,https:/scratch.mit.edu/projects/165199497/editor/,Preventing Greenhouse Gases With Paul the Poler Bear.sb3,False,Action/Clicker
288,https:/scratch.mit.edu/projects/165084615/editor/,Comfortable Climate :).sb3,False,Puzzle
289,https:/scratch.mit.edu/projects/165673060/editor/,New School Project.sb3,False,
291,https:/scratch.mit.edu/projects/165085405/editor/,Saving The Earth One Seed At A Time.sb3,False,Action/Clicker
293,https:/scratch.mit.edu/projects/165086014/editor/,Science Project_(2).sb3,False,Simulation/RPG
295,https:/scratch.mit.edu/projects/165083987/editor/,Crossing Guard of the Atmosphere.sb3,False,Action/Swipe Elimination
297,https:/scratch.mit.edu/projects/165085614/editor/,Save Us.sb3,False,Puzzle
299,https:/scratch.mit.edu/projects/165084997/editor/,Science Project radiation.sb3,False,
301,https:/scratch.mit.edu/projects/165094114/editor/,Climate Valley.sb3,False,
303,https:/scratch.mit.edu/projects/165366815/editor/,carbon crab.sb3,False,Puzzle
305,https:/scratch.mit.edu/projects/165093879/editor/,Carbon Maze.sb3,False,Action
307,https:/scratch.mit.edu/projects/165216123/editor/,Earth vs. Floods.sb3,False,Action
309,https:/scratch.mit.edu/projects/165094130/editor/,Modes of Transportation affects on climate change.sb3,False,Simulation/RPG
311,https:/scratch.mit.edu/projects/165208194/editor/,Polar Saving.sb3,False,Action/Pong
313,https:/scratch.mit.edu/projects/165214166/editor/,Boo teaches Pietro about Climate Change.sb3,False,Simulation/RPG
315,https:/scratch.mit.edu/projects/166203032/editor/,Climate Clicker (Realsed).sb3,False,Unplayable
317,https:/scratch.mit.edu/projects/165095405/editor/,systems from scratch.sb3,False,Simulation/City-building
319,https:/scratch.mit.edu/projects/165228315/editor/,Climate Change With Cars and CO2.sb3,False,Action/Clicker
321,https:/scratch.mit.edu/projects/165053093/editor/,CO2 Crusher.sb3,False,Action/Clicker
323,https:/scratch.mit.edu/projects/165047844/editor/,Save Climate city!.sb3,False,Puzzle
325,https:/scratch.mit.edu/projects/165230892/editor/,Can you balance climate change?.sb3,False,Simulation/City-building
327,https:/scratch.mit.edu/projects/165230549/editor/,Project.sb3,False,
329,https:/scratch.mit.edu/projects/165048232/editor/,Everyday Life and Climate Change.sb3,False,Puzzle
331,https:/scratch.mit.edu/projects/165228217/editor/,WACK-A-GAS.sb3,False,Action/Clicker
333,https:/scratch.mit.edu/projects/165050854/editor/,Save The Fish.sb3,False,Action/Clicker
335,https:/scratch.mit.edu/projects/165048124/editor/,Don't Get Burned!.sb3,False,Action/Clicker
339,https:/scratch.mit.edu/projects/165048838/editor/,The Climate Change Game.sb3,False,Simulation/RPG
344,https:/scratch.mit.edu/projects/144254416/editor/,MaddieMaeveRebeccaAnimationChallenge1.sb3,False,
345,https:/scratch.mit.edu/projects/144267759/editor/,SophieDante Animation Challenge.sb3,False,Action
347,https:/scratch.mit.edu/projects/144268978/editor/,Jamari Alex Animation Challenge.sb3,False,
348,https:/scratch.mit.edu/projects/144254018/editor/,Nic Austin Animation Challenge.sb3,False,
349,https:/scratch.mit.edu/projects/145261500/editor/,Grayson Josh Animation Challenge.sb3,False,Action
351,https:/scratch.mit.edu/projects/144268124/editor/,Helen Luci Animation Challenge.sb3,False,Quiz
352,https:/scratch.mit.edu/projects/145261408/editor/,ERIC AND ROSIE ANIMATION CHALLENGE.sb3,False,Action
353,https:/scratch.mit.edu/projects/144267679/editor/,Rebecca Chloe Animation Challenge.sb3,False,Action
354,https:/scratch.mit.edu/projects/144253714/editor/,Lex Gigi Animation Challenge.sb3,False,Action
355,https:/scratch.mit.edu/projects/145242632/editor/,JakeJaleikaAnimationChallenge.sb3,False,Action
359,https:/scratch.mit.edu/projects/144268279/editor/,Ella and Arsema animation Challenge.sb3,False,Action
360,https:/scratch.mit.edu/projects/144253835/editor/,OliviaEmilyAnimaionChalllenge.sb3,False,Action
361,https:/scratch.mit.edu/projects/144268901/editor/,Edie Bella Animation Challenge.sb3,False,Action
362,https:/scratch.mit.edu/projects/144268475/editor/,Hudson Animation Challenge.sb3,False,Action
363,https:/scratch.mit.edu/projects/144255145/editor/,SofiaKevinAnimationChallenge.sb3,False,Action
365,https:/scratch.mit.edu/projects/145242866/editor/,trinity _ emma animation challenge.sb3,False,Action
369,https:/scratch.mit.edu/projects/144261372/editor/,Kori-Reign Kourtney Animation Challange.sb3,False,Simulation
370,https:/scratch.mit.edu/projects/144254606/editor/,Jadon Ethan animation challenge.sb3,False,Simulation
383,https:/scratch.mit.edu/projects/144267259/editor/,Kevin_Ben Animation Challenge.sb3,False,Action
386,https:/scratch.mit.edu/projects/164667265/editor/,Project Climate Change-Sarah and Shuva.sb3,False,Unplayable
401,https:/scratch.mit.edu/projects/165216252/editor/,Project I guess.sb3,False,Quiz
416,https:/scratch.mit.edu/projects/164674848/editor/,Science Project_(3).sb3,False,
425,https:/scratch.mit.edu/projects/165597006/editor/,Climate Pong_(2).sb3,False,
430,https:/scratch.mit.edu/projects/164702572/editor/,Nawal Noia and Alena.sb3,False,Storytelling
558,https:/scratch.mit.edu/projects/210203780/editor/,Co2 Pong game.sb3,False,Quiz
559,https:/scratch.mit.edu/projects/212654478/editor/,Co2 Game.sb3,False,Simulation
561,https:/scratch.mit.edu/projects/209520961/editor/,Greenhouse Affect.sb3,False,Simulation
562,https:/scratch.mit.edu/projects/210521184/editor/,albedo melting ice.sb3,False,Puzzle
563,https:/scratch.mit.edu/projects/209393657/editor/,Heat Havoc.sb3,False,Action
564,https:/scratch.mit.edu/projects/209449947/editor/,Greenite: The Greenining.sb3,False,Puzzle
565,https:/scratch.mit.edu/projects/209427643/editor/,Climate Change Ocean Acidification game.sb3,False,Simulation
566,https:/scratch.mit.edu/projects/209463290/editor/,David + Nareg's Tree CO2 Simulator - 2K18.sb3,False,Simulation
567,https:/scratch.mit.edu/projects/209466901/editor/,Solar Pong.sb3,False,Puzzle
568,https:/scratch.mit.edu/projects/213188337/editor/,Furnace Wiz (Official Deluxe Edition).sb3,False,Puzzle
569,https:/scratch.mit.edu/projects/209462986/editor/,Drive the Planet to an End.sb3,False,Puzzle
570,https:/scratch.mit.edu/projects/208918047/editor/,make the trees dissapear.sb3,False,Action
571,https:/scratch.mit.edu/projects/209453746/editor/,Sun Ray Shielder.sb3,False,Action
572,https:/scratch.mit.edu/projects/209432579/editor/,welknkmCX 'lkSD ow EVIw oP iwb'lkNSFPVON.sb3,False,Action
573,https:/scratch.mit.edu/projects/209431990/editor/,Save the Sky.sb3,False,Action
574,https:/scratch.mit.edu/projects/209392686/editor/,Transportation Pollution.sb3,False,Action
576,https:/scratch.mit.edu/projects/209392926/editor/,Dat Albedo.sb3,False,Action
578,https:/scratch.mit.edu/projects/209465937/editor/,Super Saver of Exciting Earth.sb3,False,Quiz
579,https:/scratch.mit.edu/projects/209397342/editor/,Rising Co2 Level.sb3,False,Action
580,https:/scratch.mit.edu/projects/208963537/editor/,Save the Shellfish.sb3,False,Action
583,https:/scratch.mit.edu/projects/208409869/editor/,Co2 vs. shellfish.sb3,False,Simulation
584,https:/scratch.mit.edu/projects/212769760/editor/,Untitled-3_(2).sb3,False,Simulation
586,https:/scratch.mit.edu/projects/209392563/editor/,Andrew & Will's Scratch Game: Save The World!.sb3,False,Puzzle
587,https:/scratch.mit.edu/projects/209449922/editor/,Recycle-man.sb3,False,Simulation
588,https:/scratch.mit.edu/projects/209424892/editor/,Climate Clicker.sb3,False,
590,https:/scratch.mit.edu/projects/208966547/editor/,Deforestation Disaster.sb3,False,Action
595,https:/scratch.mit.edu/projects/210229592/editor/,Troubled Waters.sb3,False,Action
596,https:/scratch.mit.edu/projects/209394160/editor/,Potato's adventure.sb3,False,Action
597,https:/scratch.mit.edu/projects/209463442/editor/,The Polar Bear.sb3,False,Action
598,https:/scratch.mit.edu/projects/210224485/editor/,Flood the World.sb3,False,Action
599,https:/scratch.mit.edu/projects/209425452/editor/,Crab runner.sb3,False,Action
601,https:/scratch.mit.edu/projects/209451652/editor/,2 player albedo game.sb3,False,Quiz
603,https:/scratch.mit.edu/projects/208949481/editor/,Climate Clicker_(2).sb3,False,Simulation
605,https:/scratch.mit.edu/projects/210799305/editor/,Plant Man IV.sb3,False,Action
606,https:/scratch.mit.edu/projects/211041136/editor/,The Battle Against Radiation.sb3,False,Quiz
609,https:/scratch.mit.edu/projects/211233509/editor/,Cars and co2.sb3,False,Action
610,https:/scratch.mit.edu/projects/209464637/editor/,Greenhouse Effect Pong Game.sb3,False,Quiz
614,https:/scratch.mit.edu/projects/210475569/editor/,factory.sb3,False,Action
615,https:/scratch.mit.edu/projects/209448331/editor/,Forest Fire Scratch Game Akash Adrien.sb3,False,Action
621,https:/scratch.mit.edu/projects/209464024/editor/,Click the cars!.sb3,False,Action
622,https:/scratch.mit.edu/projects/210203625/editor/,Untitled-2.sb3,False,
623,https:/scratch.mit.edu/projects/209453883/editor/,Guardian of the Forest.sb3,False,Action
627,https:/scratch.mit.edu/projects/210209493/editor/,Truegreen7.sb3,False,Action
632,https:/scratch.mit.edu/projects/208948112/editor/,Carbon Game by Ria and Sarah.sb3,False,Action
639,https:/scratch.mit.edu/projects/209427136/editor/,Carbon Clouds.sb3,False,
650,https:/scratch.mit.edu/projects/210545250/editor/,Fortnite: Climate Change Edition.sb3,False,Action
651,https:/scratch.mit.edu/projects/210270265/editor/,Climate Change project.sb3,False,Action
652,https:/scratch.mit.edu/projects/210543223/editor/,Science Game.sb3,False,Action/Maze
653,https:/scratch.mit.edu/projects/210274428/editor/,TreezRKool.sb3,False,Action/Pong
654,https:/scratch.mit.edu/projects/210561152/editor/,Collect Co2.sb3,False,Action
655,https:/scratch.mit.edu/projects/210546104/editor/,Climate change project:BEAR MAZE.sb3,False,
656,https:/scratch.mit.edu/projects/210533073/editor/,Choose Your Adventure.sb3,False,Storytelling/Decision Making
658,https:/scratch.mit.edu/projects/210551034/editor/,Co2 Choices.sb3,False,Storytelling/Decision Making
659,https:/scratch.mit.edu/projects/208431667/editor/,Soccer Pong.sb3,False,Action/Pong
660,https:/scratch.mit.edu/projects/210272031/editor/,Building wackamole in the city of Hainsboro.sb3,False,Action/Clicker
662,https:/scratch.mit.edu/projects/210231409/editor/,Climate change game.sb3,False,Action/Clicker
663,https:/scratch.mit.edu/projects/210564768/editor/,Co2 Catch.sb3,False,Action/Pong
665,https:/scratch.mit.edu/projects/210270408/editor/,Pet Earth!.sb3,False,Simulation/Pet-Raising
667,https:/scratch.mit.edu/projects/213082768/editor/,new maze.sb3,False,Action/Maze
669,https:/scratch.mit.edu/projects/210560736/editor/,Cow catch game.sb3,False,Action/Pong
670,https:/scratch.mit.edu/projects/210270414/editor/,Plants vs Co2.sb3,False,Storytelling/Decision Making
673,https:/scratch.mit.edu/projects/210529326/editor/,Save the earth.sb3,False,Quiz/nan
674,https:/scratch.mit.edu/projects/210531801/editor/,YOUNES AND MARAT QUIZ.sb3,False,Action/Snake
675,https:/scratch.mit.edu/projects/210560441/editor/,ice tray albedo edition.sb3,False,Action/Pong
680,https:/scratch.mit.edu/projects/210529410/editor/,Climate Change Catch Game.sb3,False,Action/Pong
681,https:/scratch.mit.edu/projects/210544814/editor/,Tropho Farm.sb3,False,Action/Clicker
684,https:/scratch.mit.edu/projects/210275724/editor/,THE LIFE CHANGING CLIMATE GAME (CLICK ON THIS).sb3,False,Storytelling/Decision Making
686,https:/scratch.mit.edu/projects/210531356/editor/,Climate change.sb3,False,Action/Clicker
688,https:/scratch.mit.edu/projects/210531527/editor/,Elsa saves the world alebdo style.sb3,False,Action
690,https:/scratch.mit.edu/projects/210207543/editor/,Albedo Barrier.sb3,False,Action/Pong
692,https:/scratch.mit.edu/projects/210549995/editor/,Save Greenhouse Gases.sb3,False,Storytelling/Decision Making
693,https:/scratch.mit.edu/projects/212113712/editor/,Carbon Run.sb3,False,Action
698,https:/scratch.mit.edu/projects/210230491/editor/,Hit the Target.sb3,False,Action/Shooter
700,https:/scratch.mit.edu/projects/210210873/editor/,catch the CO2 by Olivia and Polina.sb3,False,Action/Pong
705,https:/scratch.mit.edu/projects/212119350/editor/,THE GLOBAL WARMING game!.sb3,False,Action/Pong
707,https:/scratch.mit.edu/projects/210551510/editor/,Trees vs. The World.sb3,False,Unplayable/nan
708,https:/scratch.mit.edu/projects/211789615/editor/,beat the heat.sb3,False,Action/Pong
715,https:/scratch.mit.edu/projects/209376529/editor/,kill the CO2.sb3,False,Action/Pong
720,https:/scratch.mit.edu/projects/211022187/editor/,Pico Saves The Word.sb3,False,Storytelling/Decision Making
721,https:/scratch.mit.edu/projects/211028901/editor/,Polar Bear Fixes Climate Change.sb3,False,Action
723,https:/scratch.mit.edu/projects/211023152/editor/,Super Carbon Bros.sb3,False,Action/Fighting
724,https:/scratch.mit.edu/projects/210506668/editor/,Destroy the World.sb3,False,Action/Snake
725,https:/scratch.mit.edu/projects/210505586/editor/,Ice Pong.sb3,False,Action/Pong
726,https:/scratch.mit.edu/projects/210195646/editor/,Tree1 Climate Game.sb3,False,Action/Clicker
727,https:/scratch.mit.edu/projects/211947416/editor/,Carbon Clicker_(2).sb3,False,Action/Clicker
731,https:/scratch.mit.edu/projects/210505904/editor/,Save The Trees_(3).sb3,False,Action/Clicker
732,https:/scratch.mit.edu/projects/210198043/editor/,The Best Game You've Ever Played *No Guarentee.sb3,False,Action/Clicker
733,https:/scratch.mit.edu/projects/210504816/editor/,Future C02.sb3,False,Action/Clicker
737,https:/scratch.mit.edu/projects/211022471/editor/,Sinking Penguin.sb3,False,Action/Pong
744,https:/scratch.mit.edu/projects/212052871/editor/,Save the Animals!.sb3,False,Quiz
745,https:/scratch.mit.edu/projects/212049312/editor/,Car or Bike?.sb3,False,Unplayable/nan
746,https:/scratch.mit.edu/projects/211032239/editor/,Save the Fishy.sb3,False,Action
748,https:/scratch.mit.edu/projects/212046035/editor/,The Fish Tank.sb3,False,Storytelling/Decision Making
750,https:/scratch.mit.edu/projects/212046067/editor/,Carbon Footprint project.sb3,False,Action/Clicker
751,https:/scratch.mit.edu/projects/212048123/editor/,Adventure Through the House! - Climate Change.sb3,False,Storytelling/Decision Making
752,https:/scratch.mit.edu/projects/212046387/editor/,Sophia and Mar Deforestation Game.sb3,False,Action/Clicker
753,https:/scratch.mit.edu/projects/212048465/editor/,Renewable Energy Defenders.sb3,False,Adventure/Text Adventure
754,https:/scratch.mit.edu/projects/212055319/editor/,venice overflowww.sb3,False,Unplayable/nan
758,https:/scratch.mit.edu/projects/212047693/editor/,Zampieri Zucchero Project.sb3,False,Adventure/Text Adventure
764,https:/scratch.mit.edu/projects/212065626/editor/,SuperSeaTurtleBro..sb3,False,Action
765,https:/scratch.mit.edu/projects/212066984/editor/,Farmer Sam and His Cows.sb3,False,Action/Clicker
766,https:/scratch.mit.edu/projects/212063189/editor/,Leaf Me Alone Carbon.com.net.org.io.exe.mp3.mp4.sb3,False,Action/Clicker
770,https:/scratch.mit.edu/projects/212062186/editor/,trees and stuff.sb3,False,Action/Clicker
772,https:/scratch.mit.edu/projects/212064038/editor/,Tree Project - Elizabeth and Victoria.sb3,False,Quiz/nan
774,https:/scratch.mit.edu/projects/211872315/editor/,save the penguin!.sb3,False,Storytelling/Decision Making
775,https:/scratch.mit.edu/projects/211872439/editor/,Abby and Grace's project.sb3,False,Action/Clicker
776,https:/scratch.mit.edu/projects/212068226/editor/,Ice Cap Hero!.sb3,False,Action/Shooter
778,https:/scratch.mit.edu/projects/212064371/editor/,Scratch Project: Helen & Condoleezza.sb3,False,Action/Clicker
781,https:/scratch.mit.edu/projects/212064518/editor/,Help Save the Earth!!!.sb3,False,Storytelling/Decision Making
788,https:/scratch.mit.edu/projects/212568478/editor/,plants help the enviroment.sb3,False,Action
789,https:/scratch.mit.edu/projects/212569382/editor/,Penguin game.sb3,False,Action/Clicker
790,https:/scratch.mit.edu/projects/212087668/editor/,Penguin Saver- By Holland and Andrew.sb3,False,Action/Maze
791,https:/scratch.mit.edu/projects/212568712/editor/,Dumphy-Manfredi Boris Scratch Project.sb3,False,Quiz/nan
792,https:/scratch.mit.edu/projects/212086177/editor/,Pollution Control.sb3,False,Action
797,https:/scratch.mit.edu/projects/212086035/editor/,Class Project Sage and Nora.sb3,False,Action/Clicker
802,https:/scratch.mit.edu/projects/212568185/editor/,DestroyingTheWorld.inc.exe..sb3,False,Storytelling/Decision Making
803,https:/scratch.mit.edu/projects/213047633/editor/,Save the Penguins!!!.sb3,False,Simulation
804,https:/scratch.mit.edu/projects/212086261/editor/,Mak and Oisin GreenQuest Section 3.sb3,False,Unclear/nan
808,https:/scratch.mit.edu/projects/212122582/editor/,Deforestation Game_(2).sb3,False,Action/Maze
812,https:/scratch.mit.edu/projects/212123716/editor/,Tree Cutting Simulator.sb3,False,Action/Clicker
815,https:/scratch.mit.edu/projects/212588502/editor/,FactorySimulator.sb3,False,Action
816,https:/scratch.mit.edu/projects/212582972/editor/,Sophie and Hannah's Climate Game!!!!!!!.sb3,False,Action/Maze
817,https:/scratch.mit.edu/projects/212585806/editor/,Windmill project ava and lilly scratch.sb3,False,Storytelling/Clicker
819,https:/scratch.mit.edu/projects/212581136/editor/,CO2 Game.sb3,False,Simulation
820,https:/scratch.mit.edu/projects/212121956/editor/,Deforestation By- Esther Emily Zero.sb3,False,Unplayable/nan
823,https:/scratch.mit.edu/projects/212748264/editor/,sam.sb3,False,Action/Snake
828,https:/scratch.mit.edu/projects/213015923/editor/,Climate change- Emari Wakefield and Julia Machado.sb3,False,Action
831,https:/scratch.mit.edu/projects/215223802/editor/,Island Fish Rescue.sb3,False,Action/Pong
832,https:/scratch.mit.edu/projects/215453878/editor/,gobo global harm.sb3,False,Action/Clicker
833,https:/scratch.mit.edu/projects/215218088/editor/,Save the Amazon!.sb3,False,Puzzle/nan
835,https:/scratch.mit.edu/projects/215217940/editor/,Save the World from Co2!.sb3,False,Action/Clicker
836,https:/scratch.mit.edu/projects/215454940/editor/,Mitigation Master!.sb3,False,Simulation/nan
838,https:/scratch.mit.edu/projects/215453615/editor/,Take Action! - heymynamestrey.sb3,False,Action/Pong
841,https:/scratch.mit.edu/projects/215216889/editor/,Climate Change Pong Finished Version.sb3,False,Action/Pong
842,https:/scratch.mit.edu/projects/215220680/editor/,Climate change game-jassec.sb3,False,Action/Pong
843,https:/scratch.mit.edu/projects/215218459/editor/,Chainsaw guy.sb3,False,Unplayable/nan
847,https:/scratch.mit.edu/projects/215457652/editor/,Untitled-2_(2).sb3,False,Action
852,https:/scratch.mit.edu/projects/215466659/editor/,Danilo and Alba Trees climate change.sb3,False,Simulation/nan
853,https:/scratch.mit.edu/projects/215791299/editor/,Fight Wanda the Evil Lumberjack.sb3,False,Action/Swipe Elimination
854,https:/scratch.mit.edu/projects/215466926/editor/,PAPA PETEY'S PRODUCT PRODUCTIONERIA.sb3,False,Simulation/nan
855,https:/scratch.mit.edu/projects/215469946/editor/,Factory Builder 2000.sb3,False,Simulation/nan
856,https:/scratch.mit.edu/projects/215260697/editor/,Energy Efficiency.sb3,False,Simulation/nan
858,https:/scratch.mit.edu/projects/215466104/editor/,Cycle of Consumerism.sb3,False,Puzzle/nan
859,https:/scratch.mit.edu/projects/215468136/editor/,Climate Change Game_(3).sb3,False,Simulation/nan
861,https:/scratch.mit.edu/projects/215465910/editor/,Episode (Carbon edition).sb3,False,Quiz/nan
863,https:/scratch.mit.edu/projects/215468847/editor/,Sugar Maple Survival.sb3,False,Simulation/nan
864,https:/scratch.mit.edu/projects/215465200/editor/,CAUSATION EVASION.sb3,False,Action/Pong
866,https:/scratch.mit.edu/projects/215466394/editor/,This Sea Level Rise is Terrible.sb3,False,Simulation/City-Building
871,https:/scratch.mit.edu/projects/219283149/editor/,Climate Change Tetris.sb3,False,Puzzle/nan
876,https:/scratch.mit.edu/projects/215171897/editor/,Climate Change Game_(4).sb3,False,Puzzle/nan
877,https:/scratch.mit.edu/projects/218633044/editor/,Tetris  game.sb3,False,Puzzle/nan
879,https:/scratch.mit.edu/projects/215166252/editor/,CO2 Footprints.sb3,False,Action/Platform
880,https:/scratch.mit.edu/projects/215170784/editor/,Dont Go With The Flow.sb3,False,Action/Pong
882,https:/scratch.mit.edu/projects/215908750/editor/,CO2 Drop.sb3,False,Action/Pong
883,https:/scratch.mit.edu/projects/218636262/editor/,Climate Change Game_(5).sb3,False,Action/Maze
884,https:/scratch.mit.edu/projects/215479903/editor/,Become the Best Lumberjack.sb3,False,Action/Swipe Elimination
886,https:/scratch.mit.edu/projects/215171414/editor/,Scratch Project Talie and James.sb3,False,Quiz/nan
889,https:/scratch.mit.edu/projects/215479207/editor/,Cool Climate Game.sb3,False,Action/Platform
892,https:/scratch.mit.edu/projects/215167214/editor/,Climate Change: Taking Action.sb3,False,Simulation/nan
893,https:/scratch.mit.edu/projects/215168798/editor/,Climate Change Game_(6).sb3,False,Simulation/nan
897,https:/scratch.mit.edu/projects/215168918/editor/,Bronson and Jacek Scratch Project.sb3,False,Adventure
900,https:/scratch.mit.edu/projects/215511693/editor/,Fortnite.sb3,False,Unplayable/nan
901,https:/scratch.mit.edu/projects/215513522/editor/,Dodge Duck and Jump.sb3,False,Unplayable/nan
903,https:/scratch.mit.edu/projects/215511294/editor/,Reduce dat boi Co2 in the Atmosphere.sb3,False,Action/Swipe Elimination
904,https:/scratch.mit.edu/projects/215510929/editor/,Deforestation Hailey and Remi's Game.sb3,False,Action/Pong
905,https:/scratch.mit.edu/projects/215212824/editor/,Carbon Annihilation.sb3,False,Action/Shooter
907,https:/scratch.mit.edu/projects/215212013/editor/,Tesla CO2 Emissions.sb3,False,Action/Maze
908,https:/scratch.mit.edu/projects/215215089/editor/,Carbon Game.sb3,False,Action/Pong
909,https:/scratch.mit.edu/projects/215211155/editor/,Climate Change Simulation.sb3,False,Quiz/nan
911,https:/scratch.mit.edu/projects/215512701/editor/,CO2 fr.sb3,False,Action/Clicker
912,https:/scratch.mit.edu/projects/215466394/editor/,This Sea Level Rise is Terrible_(2).sb3,False,Simulation/City-Building
915,https:/scratch.mit.edu/projects/215510573/editor/,What Should you do?.sb3,False,Quiz/nan
923,https:/scratch.mit.edu/projects/213801555/editor/,Eujin and Julia.sb3,False,Action/Clicker
924,https:/scratch.mit.edu/projects/213802560/editor/,The Water Cycle (Lucy & Celia).sb3,False,"Action, Storytelling/Pong, Clicker"
926,https:/scratch.mit.edu/projects/213801964/editor/,Yinyao Duan.sb3,False,Action/Pong
927,https:/scratch.mit.edu/projects/213801064/editor/,Aman and Brady Project.sb3,False,Action/Shooter
928,https:/scratch.mit.edu/projects/213801338/editor/,Zara's Co2 Adventure Minaya and Daniel.sb3,False,Storytelling/Decision Making
930,https:/scratch.mit.edu/projects/213802022/editor/,Game John And Harry.sb3,False,Action/Maze
931,https:/scratch.mit.edu/projects/213801082/editor/,Artem Tsukasa.sb3,False,Action
932,https:/scratch.mit.edu/projects/213801132/editor/,Sydney _ Daniella game.sb3,False,Action/Clicker
935,https:/scratch.mit.edu/projects/213254704/editor/,Brooke_Miranda.sb3,False,Storytelling/Decision Making
936,https:/scratch.mit.edu/projects/213801285/editor/,Jack and Zach's Epic Adventure.sb3,False,Action/Maze
944,https:/scratch.mit.edu/projects/213808713/editor/,Rhea Leila and Isabelle Climate Change Game.sb3,False,Storytelling/Decision Making
946,https:/scratch.mit.edu/projects/213639656/editor/,SOPHIA AND MADDIE.sb3,False,Action/Swipe Elimination
950,https:/scratch.mit.edu/projects/213808655/editor/,Ahmet-Ofer.sb3,False,Action/Maze
951,https:/scratch.mit.edu/projects/213808709/editor/,Melica Jaycee Natsuka Climate Change Game.sb3,False,Action/Maze
953,https:/scratch.mit.edu/projects/213808905/editor/,STOP THOSE CARS!!!!!.sb3,False,Action/Clicker
956,https:/scratch.mit.edu/projects/213639918/editor/,Tom and Mahbod Climate Change Game.sb3,False,Strategy/City-Building
959,https:/scratch.mit.edu/projects/213639545/editor/,Gabe Umut-2.sb3,False,Action/Maze
963,https:/scratch.mit.edu/projects/213809012/editor/,Kenny Michael.sb3,False,Action/Maze
966,https:/scratch.mit.edu/projects/213809105/editor/,Neo Jonathan.sb3,False,Action/Clicker
968,https:/scratch.mit.edu/projects/215916073/editor/,Super Planty Bros (Drew and Sasha).sb3,False,Action/Platform
969,https:/scratch.mit.edu/projects/213124175/editor/,Sarita Gabe Game.sb3,False,Action/Platform
970,https:/scratch.mit.edu/projects/214026300/editor/,Tess and Nicole mitigame.sb3,False,Unplayable/nan
971,https:/scratch.mit.edu/projects/213229165/editor/,Patrick and Elaine.sb3,False,Action/Platform
972,https:/scratch.mit.edu/projects/213223641/editor/,Nathan and Edo Cookie Game.sb3,False,Unplayable/nan
973,https:/scratch.mit.edu/projects/213225568/editor/,Brian and Kyle.sb3,False,Strategy/City-Building
974,https:/scratch.mit.edu/projects/214943557/editor/,KARINE AND LANCE.sb3,False,Action/Platform
975,https:/scratch.mit.edu/projects/213865726/editor/,Zach and Nico.sb3,False,Action/Pong
979,https:/scratch.mit.edu/projects/213867156/editor/,Maggie and Shveni- Water Cycle Game.sb3,False,Storytelling/Clicker
981,https:/scratch.mit.edu/projects/213009936/editor/,Sammie and Alex Carbon Cycle Project.sb3,False,Action/Pong
984,https:/scratch.mit.edu/projects/213866206/editor/,Latifah M.Sophie N.Ava M..sb3,False,Action/Clicker
987,https:/scratch.mit.edu/projects/213229470/editor/,DO NOT PLAY THIS GAME. PLAY THE OTHER ONE!.sb3,False,Action/Platform
993,https:/scratch.mit.edu/projects/213855492/editor/,Joci and Becky Climate Change Games.sb3,False,Action/Maze
995,https:/scratch.mit.edu/projects/213854902/editor/,Erez and Erik.sb3,False,Unplayable/nan
997,https:/scratch.mit.edu/projects/213213910/editor/,Mitigation - Elias Daniel- F Block.sb3,False,Action/Fighting
1000,https:/scratch.mit.edu/projects/214107029/editor/,Allison Elizabeth-2.sb3,False,Strategy/City-Building
1001,https:/scratch.mit.edu/projects/212995824/editor/,Isabella and Sarah-3.sb3,False,Action/Maze
1002,https:/scratch.mit.edu/projects/213213851/editor/,scratch game Liz Ava.sb3,False,Action/Pong
1004,https:/scratch.mit.edu/projects/213856322/editor/,sean and josh.sb3,False,Action/Maze
1005,https:/scratch.mit.edu/projects/213214442/editor/,Mark Jeremy.sb3,False,Action/Clicker
1006,https:/scratch.mit.edu/projects/213215093/editor/,Jocey and Natasha.sb3,False,Action/Clicker
1009,https:/scratch.mit.edu/projects/213855875/editor/,Ellie and Talia Untitled-5.sb3,False,Action/Pong
1014,https:/scratch.mit.edu/projects/213212934/editor/,Harrison And Constantinos.sb3,False,Action/Pong
1017,https:/scratch.mit.edu/projects/213257497/editor/,Anjali and Mariana-3.sb3,False,Action/Maze
1018,https:/scratch.mit.edu/projects/213497977/editor/,heewon and audrey.sb3,False,Strategy/Clicker
1019,https:/scratch.mit.edu/projects/213255457/editor/,Talia Celia.sb3,False,Action/Swipe Elimination
1020,https:/scratch.mit.edu/projects/213256032/editor/,Zach Chase game.sb3,False,Action/Clicker
1021,https:/scratch.mit.edu/projects/213691584/editor/,Daniel Scott.sb3,False,Action/RPG
1022,https:/scratch.mit.edu/projects/213689745/editor/,David & Peter.sb3,False,Action/Clicker
1023,https:/scratch.mit.edu/projects/213690592/editor/,EszterJordan.sb3,False,Storytelling/Decision Making
1024,https:/scratch.mit.edu/projects/213257375/editor/,Evan and Mitch.sb3,False,Storytelling/Decision Making
1026,https:/scratch.mit.edu/projects/213690593/editor/,Isabel and Masha.sb3,False,Unplayable/nan
1033,https:/scratch.mit.edu/projects/213256316/editor/,Patrick and Sawyer Climate Game.sb3,False,Action/Pong
1039,https:/scratch.mit.edu/projects/213264335/editor/,Aji Jesu Game.sb3,False,Action/Clicker
1040,https:/scratch.mit.edu/projects/213635263/editor/,Becca and Alana Climate change.sb3,False,Action/Clicker
1041,https:/scratch.mit.edu/projects/213263195/editor/,Aris and Rana.sb3,False,Storytelling/Decision Making
1042,https:/scratch.mit.edu/projects/213635651/editor/,Kendel and Ben's game.sb3,False,Action/Clicker
1043,https:/scratch.mit.edu/projects/213266148/editor/,Guy+Sonia-Lower the Carbon!.sb3,False,Action/Clicker
1044,https:/scratch.mit.edu/projects/213266628/editor/,Isaiah and Nelson's Project.sb3,False,Simulation/Clicker
1046,https:/scratch.mit.edu/projects/213265372/editor/,Julia and Meri's Game.sb3,False,Action/Swipe Elimination
1048,https:/scratch.mit.edu/projects/213263614/editor/,maya lucy water cycle.sb3,False,Unplayable/nan
1052,https:/scratch.mit.edu/projects/213268412/editor/,Nora + Sage.sb3,False,Action/Shooter
1056,https:/scratch.mit.edu/projects/213261417/editor/,Sydney Forristall and Samuel Gordon.sb3,False,Action/Pong
1058,https:/scratch.mit.edu/projects/213636381/editor/,Sofi S..sb3,False,Action/Fighting
1060,https:/scratch.mit.edu/projects/213637026/editor/,Untitled-3_(3).sb3,False,Unplayable/nan
1063,https:/scratch.mit.edu/projects/213213786/editor/,Sydra and Nayla.sb3,False,Storytelling/Decision Making
1065,https:/scratch.mit.edu/projects/215828354/editor/,Austin & Clarence.sb3,False,Simulation/Decision Making
1066,https:/scratch.mit.edu/projects/213212821/editor/,Brendan and Hallel.sb3,False,Action/Clicker
1067,https:/scratch.mit.edu/projects/213217064/editor/,Bryan and Mark's Game Project.sb3,False,Action/Pong
1068,https:/scratch.mit.edu/projects/212988310/editor/,Joe and Charlie Final Project.sb3,False,Action/Swipe Elimination
1069,https:/scratch.mit.edu/projects/213213330/editor/,Humanity vs Carbon vs Plants- Nolan and Chima.sb3,False,Action/Fighting
1071,https:/scratch.mit.edu/projects/213216839/editor/,Franki and Elena's game.sb3,False,Action/Swipe Elimination
1072,https:/scratch.mit.edu/projects/213215827/editor/,Emily and haley Greenhouse effect.sb3,False,Action/Clicker
1073,https:/scratch.mit.edu/projects/216524029/editor/,Leyla and Erin-3 remix remix.sb3,False,Action/Pong
1077,https:/scratch.mit.edu/projects/213215629/editor/,Mariam Jenny.sb3,False,Storytelling/Decision Making
1080,https:/scratch.mit.edu/projects/213214439/editor/,Lilli and Shanae Climate Change Game.sb3,False,Quiz/Decision Making
1087,https:/scratch.mit.edu/projects/213865007/editor/,Amanda and Joyce-2.sb3,False,Quiz/Decision making
1088,https:/scratch.mit.edu/projects/216032062/editor/,Climate Change Game Hannah and Andrew.sb3,False,Action/Pong
1091,https:/scratch.mit.edu/projects/213864987/editor/,Yvonne and Esha.sb3,False,Unplayable/nan
1092,https:/scratch.mit.edu/projects/213227292/editor/,Roberto and Ethan  -.sb3,False,Action/Shooter
1093,https:/scratch.mit.edu/projects/213864764/editor/,`_(3).sb3,False,Unplayable/nan
1094,https:/scratch.mit.edu/projects/213223998/editor/,Gil Avieli and Sam Atalla.sb3,False,Action/Maze
1095,https:/scratch.mit.edu/projects/213228009/editor/,Hagar and Sephora Reforestation.sb3,False,Action/Clicker
1097,https:/scratch.mit.edu/projects/213225226/editor/,Zhimin and Isabella.sb3,False,Action/Pong
1099,https:/scratch.mit.edu/projects/213003292/editor/,Shayan and Jeff.sb3,False,Action/Pong
1103,https:/scratch.mit.edu/projects/213864894/editor/,Yuval and Rebecca Water cycle.sb3,False,Action/Swipe Elimination
1111,https:/scratch.mit.edu/projects/185588421/editor/,Untitled.sb3,False,Quiz/nan
1115,https:/scratch.mit.edu/projects/183527987/editor/,Saving earth with quiz.sb3,False,Quiz/nan
1117,https:/scratch.mit.edu/projects/184542509/editor/,Mitigation Game.sb3,False,Action/Clicker
1118,https:/scratch.mit.edu/projects/186054262/editor/,Penguin Game.sb3,False,Action/Platform
1119,https:/scratch.mit.edu/projects/184012808/editor/,Brick Breaker remix.sb3,False,Action/Pong
1120,https:/scratch.mit.edu/projects/183746615/editor/,Carbon Capture.sb3,False,Action/Maze
1123,https:/scratch.mit.edu/projects/183501411/editor/,climate change sort game.sb3,False,Puzzle/nan
1125,https:/scratch.mit.edu/projects/183568869/editor/,Scratch Project.sb3,False,Action/Clicker
1126,https:/scratch.mit.edu/projects/185856569/editor/,Industry Interlopers.sb3,False,Simulation/Strategy
1131,https:/scratch.mit.edu/projects/183526864/editor/,climate change project finished.sb3,False,Action/Platform
1133,https:/scratch.mit.edu/projects/184481993/editor/,Scratch Trivia Game remix.sb3,False,Quiz/nan
1136,https:/scratch.mit.edu/projects/183830596/editor/,Reducing Emissions game.sb3,False,Quiz/nan
1137,https:/scratch.mit.edu/projects/184326510/editor/,Untitled-2_(3).sb3,False,Action/Clicker
1139,https:/scratch.mit.edu/projects/183486903/editor/,Global Warming Game.sb3,False,Action/Clicker
1142,https:/scratch.mit.edu/projects/183526146/editor/,climate change pong.sb3,False,Action/Pong
1146,https:/scratch.mit.edu/projects/185092101/editor/,Factory Game remix.sb3,False,Action/Clicker
1147,https:/scratch.mit.edu/projects/183317539/editor/,Climate Change Game_(7).sb3,False,Puzzle/nan
1148,https:/scratch.mit.edu/projects/183526193/editor/,jabby.sb3,False,Action/Pong
1149,https:/scratch.mit.edu/projects/183556719/editor/,Atmosphere Pong.sb3,False,Action/Pong
1150,https:/scratch.mit.edu/projects/183568881/editor/,scratch project.sb3,False,Puzzle/nan
1158,https:/scratch.mit.edu/projects/185060045/editor/,Reducing carbon maze.sb3,False,Puzzle/nan
1159,https:/scratch.mit.edu/projects/183484560/editor/,Climate change game!!!!.sb3,False,Action/Clicker
1161,https:/scratch.mit.edu/projects/183568748/editor/,Scratch CO2 Project.sb3,False,Action/Clicker
1166,https:/scratch.mit.edu/projects/185577679/editor/,Molly and Alishba's scratch science game  copy-2 copy copy copy.sb3,False,Storytelling/nan
1167,https:/scratch.mit.edu/projects/183640395/editor/,Space CO2.sb3,False,Action/Clicker
1170,https:/scratch.mit.edu/projects/183484569/editor/,Picking Up Trash Helps The World: Mitigation.sb3,False,Action/Clicker
1173,https:/scratch.mit.edu/projects/183993269/editor/,Climate Change and the CO2 Succa.sb3,False,Action/Clicker
1176,https:/scratch.mit.edu/projects/183493097/editor/,co2 emmision game.sb3,False,Action/Clicker
1178,https:/scratch.mit.edu/projects/183569358/editor/,Greenhouse Gases Game.sb3,False,Action/Clicker
1179,https:/scratch.mit.edu/projects/183555637/editor/,Climate Change - Caitlin & Irene.sb3,False,Action/Clicker
1180,https:/scratch.mit.edu/projects/185348974/editor/,Cole and Ryan.sb3,False,Action/Pong
1190,https:/scratch.mit.edu/projects/184535028/editor/,ENOZO STOPPER.sb3,False,Action/Pong
1192,https:/scratch.mit.edu/projects/183569152/editor/,Falling Fruit Fiesta.sb3,False,Action/Pong
1197,https:/scratch.mit.edu/projects/183485661/editor/,GHGs Game.sb3,False,Action/Swipe Elimination
1198,https:/scratch.mit.edu/projects/185622433/editor/,Hydrosphere Box Game.sb3,False,Puzzle/nan
1199,https:/scratch.mit.edu/projects/185033345/editor/,help the polar bear.sb3,False,Action/Maze
1201,https:/scratch.mit.edu/projects/184540208/editor/,Ryan D and Weller B CC Game.sb3,False,Action/Platform
1205,https:/scratch.mit.edu/projects/183319452/editor/,Preventing CO2 from coming into the Earth.sb3,False,Action/Pong
1207,https:/scratch.mit.edu/projects/184477898/editor/,Climate Change Project: Saving the penguin.sb3,False,Action/Maze
1210,https:/scratch.mit.edu/projects/183575766/editor/,Soccer Game.sb3,False,Quiz/nan
1212,https:/scratch.mit.edu/projects/185105836/editor/,Rambunctious Recycling.sb3,False,Action/Pong
1224,https:/scratch.mit.edu/projects/183503321/editor/,Untitled_(2).sb3,False,Action/Maze
1227,https:/scratch.mit.edu/projects/216044242/editor/,CARbon Killer.sb3,False,Action/Clicker
1228,https:/scratch.mit.edu/projects/218168859/editor/,Adventures of TreeGuy.sb3,False,Action/Platform
1229,https:/scratch.mit.edu/projects/215798662/editor/,Carbon Run_(2).sb3,False,Action/Platform
1230,https:/scratch.mit.edu/projects/216061437/editor/,Beat the Robot.sb3,False,Action/Maze
1231,https:/scratch.mit.edu/projects/216061381/editor/,Climate Change in Life Decision.sb3,False,Quiz/nan
1233,https:/scratch.mit.edu/projects/218372757/editor/,Earth Vs Climate change Dodge ball game.sb3,False,Action/Pong
1234,https:/scratch.mit.edu/projects/216097803/editor/,New Day New Fish.sb3,False,Quiz/nan
1236,https:/scratch.mit.edu/projects/215754730/editor/,Super Chad Bro..sb3,False,Action/Platform
1237,https:/scratch.mit.edu/projects/215752728/editor/,Cooking Mama.sb3,False,Puzzle/nan
1238,https:/scratch.mit.edu/projects/218184771/editor/,Climate Change Game_(8).sb3,False,Action/Shooter
1239,https:/scratch.mit.edu/projects/219798860/editor/,Save the Trees!.sb3,False,Action/Maze
1240,https:/scratch.mit.edu/projects/216016892/editor/,Save the Oceans!.sb3,False,Action/Clicker
1242,https:/scratch.mit.edu/projects/216098444/editor/,Climate Jumper.sb3,False,Action/Platform
1243,https:/scratch.mit.edu/projects/216019783/editor/,jumpy tree.sb3,False,Action/Platform
1244,https:/scratch.mit.edu/projects/215739233/editor/,CO2 Stopper.sb3,False,Action/Pong
1245,https:/scratch.mit.edu/projects/216097215/editor/,Carbon Footprint Game.sb3,False,Quiz/nan
1246,https:/scratch.mit.edu/projects/220525125/editor/,New Science Scratch.sb3,False,Action/Pong
1247,https:/scratch.mit.edu/projects/215739598/editor/,Saving Squishy.sb3,False,Action/Clicker
1249,https:/scratch.mit.edu/projects/218164279/editor/,Choices of the Player.sb3,False,Quiz/nan
1251,https:/scratch.mit.edu/projects/216062843/editor/,Unwanted Co2.sb3,False,Action/Snake
1253,https:/scratch.mit.edu/projects/216064894/editor/,Car.sb3,False,Action/Clicker
1254,https:/scratch.mit.edu/projects/216049586/editor/,Overloading Our Carbon Reservoirs.sb3,False,Simulation/nan
1255,https:/scratch.mit.edu/projects/216063814/editor/,Happy Fishing!.sb3,False,Simulation/Clicker
1256,https:/scratch.mit.edu/projects/215739268/editor/,Reducing Ocean Acidification.sb3,False,Action/Pong
1257,https:/scratch.mit.edu/projects/216047817/editor/,Climate Change Project_(2).sb3,False,Action/Clicker
1262,https:/scratch.mit.edu/projects/216047108/editor/,Balancing Temperature.sb3,False,Quiz/nan
1265,https:/scratch.mit.edu/projects/216047787/editor/,Collect the CO2.sb3,False,Action/Snake
1268,https:/scratch.mit.edu/projects/218954749/editor/,Untitled-3_(4).sb3,False,Action/Pong
1272,https:/scratch.mit.edu/projects/215880282/editor/,CCTD - (Climate Change Tower Defense).sb3,False,Simulation/Strategy
1275,https:/scratch.mit.edu/projects/216018957/editor/,climate change game.sb3,False,Simulation/nan
1276,https:/scratch.mit.edu/projects/216094292/editor/,Reforestation and Deforestation- Saving this land.sb3,False,Action/Maze
1277,https:/scratch.mit.edu/projects/216021570/editor/,Ocean Defender.sb3,False,Action/Clicker
1279,https:/scratch.mit.edu/projects/216047241/editor/,The Fun Ocean Game.sb3,False,Action/Pong
1280,https:/scratch.mit.edu/projects/216050183/editor/,Ice Blocker Climate Change Game.sb3,False,Action/Pong
1281,https:/scratch.mit.edu/projects/216103839/editor/,DON'T TOUCH THE WATER.sb3,False,Action/Platform
1288,https:/scratch.mit.edu/projects/219659293/editor/,Catch the CO2.sb3,False,Action/Clicker
1290,https:/scratch.mit.edu/projects/218182764/editor/,Climate Clikerz.sb3,False,Action/Clicker
1292,https:/scratch.mit.edu/projects/216096385/editor/,Albedo Pong.sb3,False,Action/Pong
1294,https:/scratch.mit.edu/projects/216019700/editor/,Log Samurai.sb3,False,Action/Clicker
1302,https:/scratch.mit.edu/projects/216018959/editor/,climate change highway.sb3,False,Action/Maze
1307,https:/scratch.mit.edu/projects/218184096/editor/,Save The Ocean: A Crab Game.sb3,False,Action/Platform
1319,https:/scratch.mit.edu/projects/210193236/editor/,Save the Earth.sb3,False,Action/Maze
1320,https:/scratch.mit.edu/projects/210997416/editor/,Fight the Pollution!.sb3,False,Action/Shooter
1321,https:/scratch.mit.edu/projects/211278289/editor/,Climate Change Game_(9).sb3,False,Action/Clicker
1322,https:/scratch.mit.edu/projects/210487350/editor/,Carbon Emmisions.sb3,False,Quiz/nan
1324,https:/scratch.mit.edu/projects/210996712/editor/,Save the Polor Bear.sb3,False,
1325,https:/scratch.mit.edu/projects/210478812/editor/,saving energy.sb3,False,Unplayable/nan
1326,https:/scratch.mit.edu/projects/210478520/editor/,Car Game.sb3,False,Action/Maze
1328,https:/scratch.mit.edu/projects/210189023/editor/,Save the penguin :).sb3,False,Action/Platform
1331,https:/scratch.mit.edu/projects/210477642/editor/,_.sb3,False,Action/Maze
1333,https:/scratch.mit.edu/projects/212627980/editor/,Factory Game Thalia and Jehan.sb3,False,Action/Clicker
1340,https:/scratch.mit.edu/projects/210542830/editor/,Loggers.sb3,False,Unplayable/nan
1341,https:/scratch.mit.edu/projects/210541332/editor/,Global Warming.sb3,False,Simulation/Strategy
1342,https:/scratch.mit.edu/projects/210544376/editor/,Avoid the clothes.sb3,False,Unplayable/nan
1343,https:/scratch.mit.edu/projects/210546161/editor/,Untitled-2_(4).sb3,False,Quiz/nan
1344,https:/scratch.mit.edu/projects/210548704/editor/,Water Levels-LilyStaceyHenri.sb3,False,
1345,https:/scratch.mit.edu/projects/210542187/editor/,Albedo Project.sb3,False,Action/Pong
1347,https:/scratch.mit.edu/projects/210541102/editor/,JacksonNatalieproject.sb3,False,
1348,https:/scratch.mit.edu/projects/210544292/editor/,Bikes over cars.sb3,False,
1351,https:/scratch.mit.edu/projects/210947890/editor/,CL LL climate change game.sb3,False,Quiz/nan
1355,https:/scratch.mit.edu/projects/210541569/editor/,Reflecting Ice Project.sb3,False,
1362,https:/scratch.mit.edu/projects/218171960/editor/,A most serious and mature electronic game.sb3,False,
1363,https:/scratch.mit.edu/projects/218170610/editor/,Water.sb3,False,
1365,https:/scratch.mit.edu/projects/218171351/editor/,Catch the CO2_(2).sb3,False,
1367,https:/scratch.mit.edu/projects/218171018/editor/,the climate change simulation.sb3,False,
1368,https:/scratch.mit.edu/projects/218171483/editor/,CO2 Run.sb3,False,
1369,https:/scratch.mit.edu/projects/218172335/editor/,Tree Doggo.sb3,False,
1372,https:/scratch.mit.edu/projects/220243615/editor/,city creator.sb3,False,
1375,https:/scratch.mit.edu/projects/218172949/editor/,IAN RASAMAT.sb3,False,
1376,https:/scratch.mit.edu/projects/218171128/editor/,Game Thingy.sb3,False,
1377,https:/scratch.mit.edu/projects/218171700/editor/,Rebecca and Ava's game.sb3,False,
1378,https:/scratch.mit.edu/projects/218183736/editor/,Jonas Kaden BETA.sb3,False,
1385,https:/scratch.mit.edu/projects/218191920/editor/,Tigran and David Game.sb3,False,
1388,https:/scratch.mit.edu/projects/218191416/editor/,Toni and Elisabeth's Game.sb3,False,
1389,https:/scratch.mit.edu/projects/218191352/editor/,Atmosphere game.sb3,False,
1390,https:/scratch.mit.edu/projects/218191857/editor/,Lizzy & Sydney's Game.sb3,False,
1391,https:/scratch.mit.edu/projects/218191766/editor/,Be Green ($) or Be Clean (environmentally speaking).sb3,False,
1392,https:/scratch.mit.edu/projects/218191738/editor/,tree game.sb3,False,
1394,https:/scratch.mit.edu/projects/218191088/editor/,choosey choices.sb3,False,
1395,https:/scratch.mit.edu/projects/218192272/editor/,Garrett and Justin's banger project.sb3,False,
1397,https:/scratch.mit.edu/projects/218195365/editor/,Katharine and Carla's Game.sb3,False,
1401,https:/scratch.mit.edu/projects/219950563/editor/,Farmer Joe's Adventures (Annie and Josh).sb3,False,
1402,https:/scratch.mit.edu/projects/214328497/editor/,Forest Defender Duo.sb3,False,
1407,https:/scratch.mit.edu/projects/219046349/editor/,Climate change Dari A-F.sb3,False,
1408,https:/scratch.mit.edu/projects/218378379/editor/,Lasagna feat. Ludacris.sb3,False,
1410,https:/scratch.mit.edu/projects/218377291/editor/,Brendan and Nathan's project.sb3,False,
1412,https:/scratch.mit.edu/projects/218377717/editor/,Michael Katya Phillip project.sb3,False,
1413,https:/scratch.mit.edu/projects/218377658/editor/,Jackson and Q's Scratch Project.sb3,False,
1414,https:/scratch.mit.edu/projects/218377471/editor/,Rose and Liv's pretty slick game.sb3,False,
1415,https:/scratch.mit.edu/projects/218377602/editor/,Jocelyn and Hannah's project.sb3,False,
1416,https:/scratch.mit.edu/projects/215504396/editor/,deforestation nationnnn.sb3,False,
1418,https:/scratch.mit.edu/projects/218377900/editor/,Planet-Saving with Parker! (transportation->strategy.sb3,False,
1420,https:/scratch.mit.edu/projects/218377419/editor/,Maroon2018C9.sb3,False,
1428,https:/scratch.mit.edu/projects/218376517/editor/,CO2 emissions Game.sb3,False,
1430,https:/scratch.mit.edu/projects/218378396/editor/,Lily and Liza's Project Deforestation.sb3,False,
1431,https:/scratch.mit.edu/projects/218090387/editor/,Terrific Tree.sb3,False,
1432,https:/scratch.mit.edu/projects/214923362/editor/,Fighting Emissions.sb3,False,
1433,https:/scratch.mit.edu/projects/218090350/editor/,qsd.sb3,False,
1434,https:/scratch.mit.edu/projects/218091402/editor/,Save the Ocean!.sb3,False,
1435,https:/scratch.mit.edu/projects/218091745/editor/,save the polar bears.sb3,False,
1437,https:/scratch.mit.edu/projects/218089798/editor/,RetroMetro.sb3,False,
1438,https:/scratch.mit.edu/projects/218090039/editor/,Ella and Olivia's Game.sb3,False,
1439,https:/scratch.mit.edu/projects/214492452/editor/,Liam and Sam scratch project.sb3,False,
1440,https:/scratch.mit.edu/projects/216021451/editor/,Logan and Braiden scratch proj D block.sb3,False,
1441,https:/scratch.mit.edu/projects/214931729/editor/,Save the polar bears NOW!.sb3,False,
1443,https:/scratch.mit.edu/projects/218390724/editor/,Tyson.sb3,False,
1448,https:/scratch.mit.edu/projects/218090974/editor/,Climate Change with BOIKS.sb3,False,
1455,https:/scratch.mit.edu/projects/183007824/editor/,Co2 Game_(2).sb3,False,
1457,https:/scratch.mit.edu/projects/183093660/editor/,Capture the CO2.sb3,False,
1459,https:/scratch.mit.edu/projects/183093675/editor/,Climate Change.sb3,False,
1461,https:/scratch.mit.edu/projects/182594691/editor/,Iceberg Mania.sb3,False,
1463,https:/scratch.mit.edu/projects/182686934/editor/,â¥crazy cowsâ¥.sb3,False,
1465,https:/scratch.mit.edu/projects/183021388/editor/,Cloud collectors.sb3,False,
1467,https:/scratch.mit.edu/projects/183021216/editor/,ocean climate.sb3,False,
1469,https:/scratch.mit.edu/projects/183021117/editor/,Lumberjack Attack.sb3,False,
1471,https:/scratch.mit.edu/projects/182647869/editor/,Building A House.sb3,False,
1473,https:/scratch.mit.edu/projects/184535838/editor/,trash collect.sb3,False,
1475,https:/scratch.mit.edu/projects/182649745/editor/,A Day of Choices.sb3,False,
1477,https:/scratch.mit.edu/projects/182686529/editor/,Carbon Capitalist.sb3,False,
1478,https:/scratch.mit.edu/projects/183021259/editor/,Deflecting UV Rays.sb3,False,
1480,https:/scratch.mit.edu/projects/182597038/editor/,Meat Defeat!!!.sb3,False,
1482,https:/scratch.mit.edu/projects/183008289/editor/,Harsh Tree Why Me..sb3,False,
1484,https:/scratch.mit.edu/projects/183107163/editor/,Climate Change Game_(10).sb3,False,
1486,https:/scratch.mit.edu/projects/183093676/editor/,FartManâ¢.sb3,False,
1488,https:/scratch.mit.edu/projects/183021111/editor/,reducing co2 maze by madi and paige.sb3,False,
1490,https:/scratch.mit.edu/projects/183065692/editor/,Co2 Clouds Game.sb3,False,
1492,https:/scratch.mit.edu/projects/183007674/editor/,Deforestation.sb3,False,
1494,https:/scratch.mit.edu/projects/182651885/editor/,Trees vs CO2.sb3,False,
1496,https:/scratch.mit.edu/projects/183093633/editor/,Scuba dive to save the world.sb3,False,
1498,https:/scratch.mit.edu/projects/183107160/editor/,Christmas Chaos.sb3,False,
1500,https:/scratch.mit.edu/projects/184041500/editor/,Climate Change Game-2.sb3,False,
1502,https:/scratch.mit.edu/projects/186087089/editor/,save the ice blocks.sb3,False,
1504,https:/scratch.mit.edu/projects/183116880/editor/,Save the Trees!!!.sb3,False,
1507,https:/scratch.mit.edu/projects/184079338/editor/,Hurricane Paddle.sb3,False,
1509,https:/scratch.mit.edu/projects/184448055/editor/,Carbon Capture_(2).sb3,False,
1511,https:/scratch.mit.edu/projects/183093655/editor/,Help the Turtle!.sb3,False,
1514,https:/scratch.mit.edu/projects/183021211/editor/,Chasing CO2.sb3,False,
1516,https:/scratch.mit.edu/projects/182647899/editor/,Global Warming: The Game.sb3,False,
1518,https:/scratch.mit.edu/projects/183021228/editor/,Catch the Monkey.sb3,False,
1520,https:/scratch.mit.edu/projects/183093639/editor/,birdygethem.sb3,False,
1522,https:/scratch.mit.edu/projects/183021149/editor/,Ocean CO2.sb3,False,
1524,https:/scratch.mit.edu/projects/183093653/editor/,capture the CO2.sb3,False,
1526,https:/scratch.mit.edu/projects/183009696/editor/,snowflake collect.sb3,False,
1528,https:/scratch.mit.edu/projects/183093643/editor/,Cloud Chaser.sb3,False,
1530,https:/scratch.mit.edu/projects/183065646/editor/,Roy: A Life Well Lived.sb3,False,
1532,https:/scratch.mit.edu/projects/181922492/editor/,STORY.sb3,False,
1534,https:/scratch.mit.edu/projects/182686181/editor/,â¨ Cow Fartopia â¨ [DEMO].sb3,False,
1536,https:/scratch.mit.edu/projects/183835551/editor/,Co2 DASH.sb3,False,
1538,https:/scratch.mit.edu/projects/183007088/editor/,climate change game_(2).sb3,False,
1540,https:/scratch.mit.edu/projects/183021196/editor/,Save Snows and Pennys Home! (Multiplayer).sb3,False,
1542,https:/scratch.mit.edu/projects/183021175/editor/,Deforestation_(2).sb3,False,
1544,https:/scratch.mit.edu/projects/183007123/editor/,Impacts on wildlife.sb3,False,
1546,https:/scratch.mit.edu/projects/183093719/editor/,log jumper.sb3,False,
1548,https:/scratch.mit.edu/projects/182647882/editor/,Oxygen VS CO2-Climate Change.sb3,False,
1551,https:/scratch.mit.edu/projects/183107195/editor/,Factories Taking Over The Atmosphere.sb3,False,
1553,https:/scratch.mit.edu/projects/183007618/editor/,Co2 Collector.sb3,False,
1556,https:/scratch.mit.edu/projects/183107171/editor/,Save the City!.sb3,False,
1558,https:/scratch.mit.edu/projects/183107182/editor/,Saving Antarctica.sb3,False,
1560,https:/scratch.mit.edu/projects/183482073/editor/,polar blast.sb3,False,
1562,https:/scratch.mit.edu/projects/183021113/editor/,climate change Co2.sb3,False,
1564,https:/scratch.mit.edu/projects/183007262/editor/,COLLECT THE CO2.sb3,False,
1566,https:/scratch.mit.edu/projects/183093651/editor/,GAME SUMMERS TIRABASSI.sb3,False,
1568,https:/scratch.mit.edu/projects/182648156/editor/,Time Is Fuel.sb3,False,
1572,https:/scratch.mit.edu/projects/183065640/editor/,Temperature Changes.sb3,False,
1574,https:/scratch.mit.edu/projects/182196521/editor/,SpAcE pOnG.sb3,False,
1576,https:/scratch.mit.edu/projects/182188379/editor/,Untitled_(3).sb3,False,
1578,https:/scratch.mit.edu/projects/182376301/editor/,Carbon Catcher.sb3,False,
