,Game Link
0,https://scratch.mit.edu/projects/129150753/editor/
2,https://scratch.mit.edu/projects/131382669/editor/
4,https://scratch.mit.edu/projects/129532769/editor/
7,https://scratch.mit.edu/projects/130705606/editor/
9,https://scratch.mit.edu/projects/129151851/editor/
11,https://scratch.mit.edu/projects/129147127/editor/
13,https://scratch.mit.edu/projects/129532847/editor/
15,https://scratch.mit.edu/projects/129533232/editor/
17,https://scratch.mit.edu/projects/129151366/editor/
19,https://scratch.mit.edu/projects/129532431/editor/
21,https://scratch.mit.edu/projects/129217127/editor/
23,https://scratch.mit.edu/projects/129179080/editor/
25,https://scratch.mit.edu/projects/129557515/editor/
27,https://scratch.mit.edu/projects/130160517/editor/
29,https://scratch.mit.edu/projects/129181430/editor/
31,https://scratch.mit.edu/projects/129175891/editor/
33,https://scratch.mit.edu/projects/129175253/editor/
35,https://scratch.mit.edu/projects/129175558/editor/
37,https://scratch.mit.edu/projects/129175360/editor/
39,https://scratch.mit.edu/projects/129175789/editor/
41,https://scratch.mit.edu/projects/129208822/editor/
43,https://scratch.mit.edu/projects/129553419/editor/
45,https://scratch.mit.edu/projects/129112111/editor/
47,https://scratch.mit.edu/projects/129109101/editor/
49,https://scratch.mit.edu/projects/129113450/editor/
51,https://scratch.mit.edu/projects/129723521/editor/
52,https://scratch.mit.edu/projects/129112463/editor/
53,https://scratch.mit.edu/projects/129108168/editor/
54,https://scratch.mit.edu/projects/126845274/editor/
56,https://scratch.mit.edu/projects/129108557/editor/
58,https://scratch.mit.edu/projects/129107636/editor/
60,https://scratch.mit.edu/projects/129109176/editor/
62,https://scratch.mit.edu/projects/129109590/editor/
65,https://scratch.mit.edu/projects/129136551/editor/
67,https://scratch.mit.edu/projects/129506444/editor/
69,https://scratch.mit.edu/projects/129132173/editor/
70,https://scratch.mit.edu/projects/129132380/editor/
71,https://scratch.mit.edu/projects/129132150/editor/
72,https://scratch.mit.edu/projects/129137174/editor/
73,https://scratch.mit.edu/projects/129131832/editor/
75,https://scratch.mit.edu/projects/129132882/editor/
77,https://scratch.mit.edu/projects/129133904/editor/
79,https://scratch.mit.edu/projects/129134019/editor/
81,https://scratch.mit.edu/projects/129505443/editor/
89,https://scratch.mit.edu/projects/131210000/editor/
90,https://scratch.mit.edu/projects/129151677/editor/
92,https://scratch.mit.edu/projects/128884245/editor/
93,https://scratch.mit.edu/projects/129144339/editor/
95,https://scratch.mit.edu/projects/129496171/editor/
98,https://scratch.mit.edu/projects/129969362/editor/
100,https://scratch.mit.edu/projects/129969202/editor/
102,https://scratch.mit.edu/projects/129144529/editor/
103,https://scratch.mit.edu/projects/129532331/editor/
105,https://scratch.mit.edu/projects/129135793//editor/
107,https://scratch.mit.edu/projects/129552733/editor/
109,https://scratch.mit.edu/projects/129181598/editor/
110,https://scratch.mit.edu/projects/129152444/editor/
112,https://scratch.mit.edu/projects/129176644/editor/
114,https://scratch.mit.edu/projects/131009961/editor/
116,https://scratch.mit.edu/projects/129177311/editor/
118,https://scratch.mit.edu/projects/129144529//editor/
119,https://scratch.mit.edu/projects/131700489/editor/
121,https://scratch.mit.edu/projects/131720806/editor/
123,https://scratch.mit.edu/projects/129174445/editor/
125,https://scratch.mit.edu/projects/129178359/editor/
130,https://scratch.mit.edu/projects/129110587/editor/
132,https://scratch.mit.edu/projects/129552733//editor/
134,https://scratch.mit.edu/projects/129565552/editor/
135,https://scratch.mit.edu/projects/129564450/editor/
137,https://scratch.mit.edu/projects/129565728/editor/
139,https://scratch.mit.edu/projects/129915141/editor/
140,https://scratch.mit.edu/projects/129107977/editor/
142,https://scratch.mit.edu/projects/131614215/editor/
143,https://scratch.mit.edu/projects/129562720/editor/
145,https://scratch.mit.edu/projects/129107084/editor/
148,https://scratch.mit.edu/projects/129500016/editor/
152,https://scratch.mit.edu/projects/129505971/editor/
154,https://scratch.mit.edu/projects/129134467/editor/
156,https://scratch.mit.edu/projects/129133703/editor/
158,https://scratch.mit.edu/projects/128882295/editor/
161,https://scratch.mit.edu/projects/129133223/editor/
163,https://scratch.mit.edu/projects/130614446/editor/
165,https://scratch.mit.edu/projects/129136056/editor/
167,https://scratch.mit.edu/projects/129135793/editor/
168,https://scratch.mit.edu/projects/145502332/editor/
169,https://scratch.mit.edu/projects/141795915/editor/
170,https://scratch.mit.edu/projects/142619738/editor/
171,https://scratch.mit.edu/projects/143179714/editor/
172,https://scratch.mit.edu/projects/144080429/editor/
173,https://scratch.mit.edu/projects/142618845/editor/
174,https://scratch.mit.edu/projects/142617346/editor/
175,https://scratch.mit.edu/projects/143501933/editor/
176,https://scratch.mit.edu/projects/143180632/editor/
177,https://scratch.mit.edu/projects/143381986/editor/
178,https://scratch.mit.edu/projects/143446891/editor/
179,https://scratch.mit.edu/projects/143432270/editor/
180,https://scratch.mit.edu/projects/143163429/editor/
181,https://scratch.mit.edu/projects/143435029/editor/
182,https://scratch.mit.edu/projects/144275907/editor/
185,https://scratch.mit.edu/projects/142606997/editor/
186,https://scratch.mit.edu/projects/143180040/editor/
187,https://scratch.mit.edu/projects/142606269/editor/
190,https://scratch.mit.edu/projects/145869229/editor/
191,https://scratch.mit.edu/projects/145692876/editor/
192,https://scratch.mit.edu/projects/142620265/editor/
194,https://scratch.mit.edu/projects/143182247/editor/
198,https://scratch.mit.edu/projects/141844038/editor/
199,https://scratch.mit.edu/projects/142605956/editor/
201,https://scratch.mit.edu/projects/142740755/editor/
208,https://scratch.mit.edu/projects/142740373/editor/
225,https://scratch.mit.edu/projects/142792810/editor/
259,https://scratch.mit.edu/projects/165069525/editor/
261,https://scratch.mit.edu/projects/165070843/editor/
263,https://scratch.mit.edu/projects/165073564/editor/
266,https://scratch.mit.edu/projects/165070872/editor/
269,https://scratch.mit.edu/projects/165071206/editor/
271,https://scratch.mit.edu/projects/165072075/editor/
274,https://scratch.mit.edu/projects/165074407/editor/
277,https://scratch.mit.edu/projects/165072757/editor/
278,https://scratch.mit.edu/projects/165073712//editor/
280,https://scratch.mit.edu/projects/165196926/editor/
282,https://scratch.mit.edu/projects/165366313/editor/
284,https://scratch.mit.edu/projects/165085276/editor/
286,https://scratch.mit.edu/projects/165199497/editor/
288,https://scratch.mit.edu/projects/165084615/editor/
289,https://scratch.mit.edu/projects/165673060/editor/
291,https://scratch.mit.edu/projects/165085405/editor/
293,https://scratch.mit.edu/projects/165086014/editor/
295,https://scratch.mit.edu/projects/165083987/editor/
297,https://scratch.mit.edu/projects/165085614/editor/
299,https://scratch.mit.edu/projects/165084997/editor/
301,https://scratch.mit.edu/projects/165094114/editor/
303,https://scratch.mit.edu/projects/165366815/editor/
305,https://scratch.mit.edu/projects/165093879/editor/
307,https://scratch.mit.edu/projects/165216123/editor/
309,https://scratch.mit.edu/projects/165094130/editor/
311,https://scratch.mit.edu/projects/165208194/editor/
313,https://scratch.mit.edu/projects/165214166/editor/
315,https://scratch.mit.edu/projects/166203032/editor/
317,https://scratch.mit.edu/projects/165095405/editor/
319,https://scratch.mit.edu/projects/165228315/editor/
321,https://scratch.mit.edu/projects/165053093/editor/
323,https://scratch.mit.edu/projects/165047844/editor/
325,https://scratch.mit.edu/projects/165230892/editor/
327,https://scratch.mit.edu/projects/165230549/editor/
329,https://scratch.mit.edu/projects/165048232/editor/
331,https://scratch.mit.edu/projects/165228217/editor/
333,https://scratch.mit.edu/projects/165050854/editor/
335,https://scratch.mit.edu/projects/165048124/editor/
339,https://scratch.mit.edu/projects/165048838/editor/
344,https://scratch.mit.edu/projects/144254416/editor/
345,https://scratch.mit.edu/projects/144267759/editor/
347,https://scratch.mit.edu/projects/144268978/editor/
348,https://scratch.mit.edu/projects/144254018/editor/
349,https://scratch.mit.edu/projects/145261500/editor/
351,https://scratch.mit.edu/projects/144268124/editor/
352,https://scratch.mit.edu/projects/145261408/editor/
353,https://scratch.mit.edu/projects/144267679/editor/
354,https://scratch.mit.edu/projects/144253714/editor/
355,https://scratch.mit.edu/projects/145242632/editor/
359,https://scratch.mit.edu/projects/144268279/editor/
360,https://scratch.mit.edu/projects/144253835/editor/
361,https://scratch.mit.edu/projects/144268901/editor/
362,https://scratch.mit.edu/projects/144268475/editor/
363,https://scratch.mit.edu/projects/144255145/editor/
365,https://scratch.mit.edu/projects/145242866/editor/
369,https://scratch.mit.edu/projects/144261372/editor/
370,https://scratch.mit.edu/projects/144254606/editor/
383,https://scratch.mit.edu/projects/144267259/editor/
386,https://scratch.mit.edu/projects/164667265/editor/
401,https://scratch.mit.edu/projects/165216252/editor/
416,https://scratch.mit.edu/projects/164674848/editor/
425,https://scratch.mit.edu/projects/165597006/editor/
430,https://scratch.mit.edu/projects/164702572/editor/
558,https://scratch.mit.edu/projects/210203780/editor/
559,https://scratch.mit.edu/projects/212654478/editor/
561,https://scratch.mit.edu/projects/209520961/editor/
562,https://scratch.mit.edu/projects/210521184/editor/
563,https://scratch.mit.edu/projects/209393657/editor/
564,https://scratch.mit.edu/projects/209449947/editor/
565,https://scratch.mit.edu/projects/209427643/editor/
566,https://scratch.mit.edu/projects/209463290/editor/
567,https://scratch.mit.edu/projects/209466901/editor/
568,https://scratch.mit.edu/projects/213188337/editor/
569,https://scratch.mit.edu/projects/209462986/editor/
570,https://scratch.mit.edu/projects/208918047/editor/
571,https://scratch.mit.edu/projects/209453746/editor/
572,https://scratch.mit.edu/projects/209432579/editor/
573,https://scratch.mit.edu/projects/209431990/editor/
574,https://scratch.mit.edu/projects/209392686/editor/
576,https://scratch.mit.edu/projects/209392926/editor/
578,https://scratch.mit.edu/projects/209465937/editor/
579,https://scratch.mit.edu/projects/209397342/editor/
580,https://scratch.mit.edu/projects/208963537/editor/
583,https://scratch.mit.edu/projects/208409869/editor/
584,https://scratch.mit.edu/projects/212769760/editor/
586,https://scratch.mit.edu/projects/209392563/editor/
587,https://scratch.mit.edu/projects/209449922/editor/
588,https://scratch.mit.edu/projects/209424892/editor/
590,https://scratch.mit.edu/projects/208966547/editor/
595,https://scratch.mit.edu/projects/210229592/editor/
596,https://scratch.mit.edu/projects/209394160/editor/
597,https://scratch.mit.edu/projects/209463442/editor/
598,https://scratch.mit.edu/projects/210224485/editor/
599,https://scratch.mit.edu/projects/209425452/editor/
601,https://scratch.mit.edu/projects/209451652/editor/
603,https://scratch.mit.edu/projects/208949481/editor/
605,https://scratch.mit.edu/projects/210799305/editor/
606,https://scratch.mit.edu/projects/211041136/editor/
609,https://scratch.mit.edu/projects/211233509/editor/
610,https://scratch.mit.edu/projects/209464637/editor/
614,https://scratch.mit.edu/projects/210475569/editor/
615,https://scratch.mit.edu/projects/209448331/editor/
621,https://scratch.mit.edu/projects/209464024/editor/
622,https://scratch.mit.edu/projects/210203625/editor/
623,https://scratch.mit.edu/projects/209453883/editor/
627,https://scratch.mit.edu/projects/210209493/editor/
632,https://scratch.mit.edu/projects/208948112/editor/
639,https://scratch.mit.edu/projects/209427136/editor/
650,https://scratch.mit.edu/projects/210545250/editor/
651,https://scratch.mit.edu/projects/210270265/editor/
652,https://scratch.mit.edu/projects/210543223/editor/
653,https://scratch.mit.edu/projects/210274428/editor/
654,https://scratch.mit.edu/projects/210561152/editor/
655,https://scratch.mit.edu/projects/210546104/editor/
656,https://scratch.mit.edu/projects/210533073/editor/
658,https://scratch.mit.edu/projects/210551034/editor/
659,https://scratch.mit.edu/projects/208431667/editor/
660,https://scratch.mit.edu/projects/210272031/editor/
662,https://scratch.mit.edu/projects/210231409/editor/
663,https://scratch.mit.edu/projects/210564768/editor/
665,https://scratch.mit.edu/projects/210270408/editor/
667,https://scratch.mit.edu/projects/213082768/editor/
669,https://scratch.mit.edu/projects/210560736/editor/
670,https://scratch.mit.edu/projects/210270414/editor/
673,https://scratch.mit.edu/projects/210529326/editor/
674,https://scratch.mit.edu/projects/210531801/editor/
675,https://scratch.mit.edu/projects/210560441/editor/
680,https://scratch.mit.edu/projects/210529410/editor/
681,https://scratch.mit.edu/projects/210544814/editor/
684,https://scratch.mit.edu/projects/210275724/editor/
686,https://scratch.mit.edu/projects/210531356/editor/
688,https://scratch.mit.edu/projects/210531527/editor/
690,https://scratch.mit.edu/projects/210207543/editor/
692,https://scratch.mit.edu/projects/210549995/editor/
693,https://scratch.mit.edu/projects/212113712/editor/
698,https://scratch.mit.edu/projects/210230491/editor/
700,https://scratch.mit.edu/projects/210210873/editor/
705,https://scratch.mit.edu/projects/212119350/editor/
707,https://scratch.mit.edu/projects/210551510/editor/
708,https://scratch.mit.edu/projects/211789615/editor/
715,https://scratch.mit.edu/projects/209376529/editor/
720,https://scratch.mit.edu/projects/211022187/editor/
721,https://scratch.mit.edu/projects/211028901/editor/
723,https://scratch.mit.edu/projects/211023152/editor/
724,https://scratch.mit.edu/projects/210506668/editor/
725,https://scratch.mit.edu/projects/210505586/editor/
726,https://scratch.mit.edu/projects/210195646/editor/
727,https://scratch.mit.edu/projects/211947416/editor/
731,https://scratch.mit.edu/projects/210505904/editor/
732,https://scratch.mit.edu/projects/210198043/editor/
733,https://scratch.mit.edu/projects/210504816/editor/
737,https://scratch.mit.edu/projects/211022471/editor/
744,https://scratch.mit.edu/projects/212052871//editor/
745,https://scratch.mit.edu/projects/212049312/editor/
746,https://scratch.mit.edu/projects/211032239//editor/
748,https://scratch.mit.edu/projects/212046035/editor/
750,https://scratch.mit.edu/projects/212046067/editor/
751,https://scratch.mit.edu/projects/212048123/editor/
752,https://scratch.mit.edu/projects/212046387/editor/
753,https://scratch.mit.edu/projects/212048465/editor/
754,https://scratch.mit.edu/projects/212055319/editor/
758,https://scratch.mit.edu/projects/212047693/editor/
764,https://scratch.mit.edu/projects/212065626//editor/
765,https://scratch.mit.edu/projects/212066984/editor/
766,https://scratch.mit.edu/projects/212063189/editor/
770,https://scratch.mit.edu/projects/212062186/editor/
772,https://scratch.mit.edu/projects/212064038/editor/
774,https://scratch.mit.edu/projects/211872315/editor/
775,https://scratch.mit.edu/projects/211872439/editor/
776,https://scratch.mit.edu/projects/212068226/editor/
778,https://scratch.mit.edu/projects/212064371/editor/
781,https://scratch.mit.edu/projects/212064518/editor/
788,https://scratch.mit.edu/projects/212568478//editor/
789,https://scratch.mit.edu/projects/212569382/editor/
790,https://scratch.mit.edu/projects/212087668/editor/
791,https://scratch.mit.edu/projects/212568712/editor/
792,https://scratch.mit.edu/projects/212086177//editor/
797,https://scratch.mit.edu/projects/212086035/editor/
802,https://scratch.mit.edu/projects/212568185/editor/
803,https://scratch.mit.edu/projects/213047633//editor/
804,https://scratch.mit.edu/projects/212086261/editor/
808,https://scratch.mit.edu/projects/212122582/editor/
812,https://scratch.mit.edu/projects/212123716/editor/
815,https://scratch.mit.edu/projects/212588502//editor/
816,https://scratch.mit.edu/projects/212582972/editor/
817,https://scratch.mit.edu/projects/212585806/editor/
819,https://scratch.mit.edu/projects/212581136//editor/
820,https://scratch.mit.edu/projects/212121956/editor/
823,https://scratch.mit.edu/projects/212748264/editor/
828,https://scratch.mit.edu/projects/213015923//editor/
831,https://scratch.mit.edu/projects/215223802/editor/
832,https://scratch.mit.edu/projects/215453878/editor/
833,https://scratch.mit.edu/projects/215218088/editor/
835,https://scratch.mit.edu/projects/215217940/editor/
836,https://scratch.mit.edu/projects/215454940/editor/
838,https://scratch.mit.edu/projects/215453615/editor/
841,https://scratch.mit.edu/projects/215216889/editor/
842,https://scratch.mit.edu/projects/215220680/editor/
843,https://scratch.mit.edu/projects/215218459/editor/
847,https://scratch.mit.edu/projects/215457652/editor/
852,https://scratch.mit.edu/projects/215466659/editor/
853,https://scratch.mit.edu/projects/215791299/editor/
854,https://scratch.mit.edu/projects/215466926/editor/
855,https://scratch.mit.edu/projects/215469946/editor/
856,https://scratch.mit.edu/projects/215260697/editor/
858,https://scratch.mit.edu/projects/215466104/editor/
859,https://scratch.mit.edu/projects/215468136/editor/
861,https://scratch.mit.edu/projects/215465910/editor/
863,https://scratch.mit.edu/projects/215468847/editor/
864,https://scratch.mit.edu/projects/215465200/editor/
866,https://scratch.mit.edu/projects/215466394/editor/
871,https://scratch.mit.edu/projects/219283149/editor/
876,https://scratch.mit.edu/projects/215171897/editor/
877,https://scratch.mit.edu/projects/218633044/editor/
879,https://scratch.mit.edu/projects/215166252/editor/
880,https://scratch.mit.edu/projects/215170784/editor/
882,https://scratch.mit.edu/projects/215908750/editor/
883,https://scratch.mit.edu/projects/218636262/editor/
884,https://scratch.mit.edu/projects/215479903/editor/
886,https://scratch.mit.edu/projects/215171414/editor/
889,https://scratch.mit.edu/projects/215479207/editor/
892,https://scratch.mit.edu/projects/215167214/editor/
893,https://scratch.mit.edu/projects/215168798/editor/
897,https://scratch.mit.edu/projects/215168918/editor/
900,https://scratch.mit.edu/projects/215511693/editor/
901,https://scratch.mit.edu/projects/215513522/editor/
903,https://scratch.mit.edu/projects/215511294/editor/
904,https://scratch.mit.edu/projects/215510929/editor/
905,https://scratch.mit.edu/projects/215212824/editor/
907,https://scratch.mit.edu/projects/215212013/editor/
908,https://scratch.mit.edu/projects/215215089/editor/
909,https://scratch.mit.edu/projects/215211155//editor/
911,https://scratch.mit.edu/projects/215512701/editor/
912,https://scratch.mit.edu/projects/215466394//editor/
915,https://scratch.mit.edu/projects/215510573/editor/
923,https://scratch.mit.edu/projects/213801555/editor/
924,https://scratch.mit.edu/projects/213802560/editor/
926,https://scratch.mit.edu/projects/213801964/editor/
927,https://scratch.mit.edu/projects/213801064/editor/
928,https://scratch.mit.edu/projects/213801338/editor/
930,https://scratch.mit.edu/projects/213802022/editor/
931,https://scratch.mit.edu/projects/213801082/editor/
932,https://scratch.mit.edu/projects/213801132/editor/
935,https://scratch.mit.edu/projects/213254704/editor/
936,https://scratch.mit.edu/projects/213801285/editor/
944,https://scratch.mit.edu/projects/213808713/editor/
946,https://scratch.mit.edu/projects/213639656/editor/
950,https://scratch.mit.edu/projects/213808655/editor/
951,https://scratch.mit.edu/projects/213808709/editor/
953,https://scratch.mit.edu/projects/213808905/editor/
956,https://scratch.mit.edu/projects/213639918/editor/
959,https://scratch.mit.edu/projects/213639545/editor/
963,https://scratch.mit.edu/projects/213809012/editor/
966,https://scratch.mit.edu/projects/213809105/editor/
968,https://scratch.mit.edu/projects/215916073/editor/
969,https://scratch.mit.edu/projects/213124175/editor/
970,https://scratch.mit.edu/projects/214026300/editor/
971,https://scratch.mit.edu/projects/213229165/editor/
972,https://scratch.mit.edu/projects/213223641/editor/
973,https://scratch.mit.edu/projects/213225568/editor/
974,https://scratch.mit.edu/projects/214943557/editor/
975,https://scratch.mit.edu/projects/213865726/editor/
979,https://scratch.mit.edu/projects/213867156/editor/
981,https://scratch.mit.edu/projects/213009936/editor/
984,https://scratch.mit.edu/projects/213866206/editor/
987,https://scratch.mit.edu/projects/213229470/editor/
993,https://scratch.mit.edu/projects/213855492/editor/
995,https://scratch.mit.edu/projects/213854902/editor/
997,https://scratch.mit.edu/projects/213213910/editor/
1000,https://scratch.mit.edu/projects/214107029/editor/
1001,https://scratch.mit.edu/projects/212995824/editor/
1002,https://scratch.mit.edu/projects/213213851/editor/
1004,https://scratch.mit.edu/projects/213856322/editor/
1005,https://scratch.mit.edu/projects/213214442/editor/
1006,https://scratch.mit.edu/projects/213215093/editor/
1009,https://scratch.mit.edu/projects/213855875/editor/
1014,https://scratch.mit.edu/projects/213212934/editor/
1017,https://scratch.mit.edu/projects/213257497/editor/
1018,https://scratch.mit.edu/projects/213497977/editor/
1019,https://scratch.mit.edu/projects/213255457/editor/
1020,https://scratch.mit.edu/projects/213256032/editor/
1021,https://scratch.mit.edu/projects/213691584/editor/
1022,https://scratch.mit.edu/projects/213689745/editor/
1023,https://scratch.mit.edu/projects/213690592/editor/
1024,https://scratch.mit.edu/projects/213257375/editor/
1026,https://scratch.mit.edu/projects/213690593/editor/
1033,https://scratch.mit.edu/projects/213256316/editor/
1039,https://scratch.mit.edu/projects/213264335/editor/
1040,https://scratch.mit.edu/projects/213635263/editor/
1041,https://scratch.mit.edu/projects/213263195/editor/
1042,https://scratch.mit.edu/projects/213635651/editor/
1043,https://scratch.mit.edu/projects/213266148/editor/
1044,https://scratch.mit.edu/projects/213266628/editor/
1046,https://scratch.mit.edu/projects/213265372/editor/
1048,https://scratch.mit.edu/projects/213263614/editor/
1052,https://scratch.mit.edu/projects/213268412/editor/
1056,https://scratch.mit.edu/projects/213261417/editor/
1058,https://scratch.mit.edu/projects/213636381/editor/
1060,https://scratch.mit.edu/projects/213637026/editor/
1063,https://scratch.mit.edu/projects/213213786/editor/
1065,https://scratch.mit.edu/projects/215828354/editor/
1066,https://scratch.mit.edu/projects/213212821/editor/
1067,https://scratch.mit.edu/projects/213217064/editor/
1068,https://scratch.mit.edu/projects/212988310/editor/
1069,https://scratch.mit.edu/projects/213213330/editor/
1071,https://scratch.mit.edu/projects/213216839/editor/
1072,https://scratch.mit.edu/projects/213215827/editor/
1073,https://scratch.mit.edu/projects/216524029/editor/
1077,https://scratch.mit.edu/projects/213215629/editor/
1080,https://scratch.mit.edu/projects/213214439/editor/
1087,https://scratch.mit.edu/projects/213865007/editor/
1088,https://scratch.mit.edu/projects/216032062/editor/
1091,https://scratch.mit.edu/projects/213864987/editor/
1092,https://scratch.mit.edu/projects/213227292/editor/
1093,https://scratch.mit.edu/projects/213864764/editor/
1094,https://scratch.mit.edu/projects/213223998/editor/
1095,https://scratch.mit.edu/projects/213228009/editor/
1097,https://scratch.mit.edu/projects/213225226/editor/
1099,https://scratch.mit.edu/projects/213003292/editor/
1103,https://scratch.mit.edu/projects/213864894/editor/
1111,https://scratch.mit.edu/projects/185588421/editor/
1115,https://scratch.mit.edu/projects/183527987/editor/
1117,https://scratch.mit.edu/projects/184542509/editor/
1118,https://scratch.mit.edu/projects/186054262/editor/
1119,https://scratch.mit.edu/projects/184012808/editor/
1120,https://scratch.mit.edu/projects/183746615/editor/
1123,https://scratch.mit.edu/projects/183501411/editor/
1125,https://scratch.mit.edu/projects/183568869/editor/
1126,https://scratch.mit.edu/projects/185856569/editor/
1131,https://scratch.mit.edu/projects/183526864/editor/
1133,https://scratch.mit.edu/projects/184481993/editor/
1136,https://scratch.mit.edu/projects/183830596/editor/
1137,https://scratch.mit.edu/projects/184326510/editor/
1139,https://scratch.mit.edu/projects/183486903/editor/
1142,https://scratch.mit.edu/projects/183526146/editor/
1146,https://scratch.mit.edu/projects/185092101/editor/
1147,https://scratch.mit.edu/projects/183317539/editor/
1148,https://scratch.mit.edu/projects/183526193/editor/
1149,https://scratch.mit.edu/projects/183556719/editor/
1150,https://scratch.mit.edu/projects/183568881/editor/
1158,https://scratch.mit.edu/projects/185060045/editor/
1159,https://scratch.mit.edu/projects/183484560/editor/
1161,https://scratch.mit.edu/projects/183568748/editor/
1166,https://scratch.mit.edu/projects/185577679/editor/
1167,https://scratch.mit.edu/projects/183640395/editor/
1170,https://scratch.mit.edu/projects/183484569/editor/
1173,https://scratch.mit.edu/projects/183993269/editor/
1176,https://scratch.mit.edu/projects/183493097/editor/
1178,https://scratch.mit.edu/projects/183569358/editor/
1179,https://scratch.mit.edu/projects/183555637/editor/
1180,https://scratch.mit.edu/projects/185348974/editor/
1190,https://scratch.mit.edu/projects/184535028/editor/
1192,https://scratch.mit.edu/projects/183569152/editor/
1197,https://scratch.mit.edu/projects/183485661/editor/
1198,https://scratch.mit.edu/projects/185622433/editor/
1199,https://scratch.mit.edu/projects/185033345/editor/
1201,https://scratch.mit.edu/projects/184540208/editor/
1205,https://scratch.mit.edu/projects/183319452/editor/
1207,https://scratch.mit.edu/projects/184477898/editor/
1210,https://scratch.mit.edu/projects/183575766/editor/
1212,https://scratch.mit.edu/projects/185105836/editor/
1224,https://scratch.mit.edu/projects/183503321/editor/
1227,https://scratch.mit.edu/projects/216044242/editor/
1228,https://scratch.mit.edu/projects/218168859/editor/
1229,https://scratch.mit.edu/projects/215798662/editor/
1230,https://scratch.mit.edu/projects/216061437/editor/
1231,https://scratch.mit.edu/projects/216061381/editor/
1233,https://scratch.mit.edu/projects/218372757/editor/
1234,https://scratch.mit.edu/projects/216097803/editor/
1236,https://scratch.mit.edu/projects/215754730/editor/
1237,https://scratch.mit.edu/projects/215752728/editor/
1238,https://scratch.mit.edu/projects/218184771/editor/
1239,https://scratch.mit.edu/projects/219798860/editor/
1240,https://scratch.mit.edu/projects/216016892/editor/
1242,https://scratch.mit.edu/projects/216098444/editor/
1243,https://scratch.mit.edu/projects/216019783/editor/
1244,https://scratch.mit.edu/projects/215739233/editor/
1245,https://scratch.mit.edu/projects/216097215/editor/
1246,https://scratch.mit.edu/projects/220525125/editor/
1247,https://scratch.mit.edu/projects/215739598/editor/
1249,https://scratch.mit.edu/projects/218164279/editor/
1251,https://scratch.mit.edu/projects/216062843/editor/
1253,https://scratch.mit.edu/projects/216064894/editor/
1254,https://scratch.mit.edu/projects/216049586/editor/
1255,https://scratch.mit.edu/projects/216063814/editor/
1256,https://scratch.mit.edu/projects/215739268/editor/
1257,https://scratch.mit.edu/projects/216047817/editor/
1262,https://scratch.mit.edu/projects/216047108/editor/
1265,https://scratch.mit.edu/projects/216047787/editor/
1268,https://scratch.mit.edu/projects/218954749/editor/
1272,https://scratch.mit.edu/projects/215880282/editor/
1275,https://scratch.mit.edu/projects/216018957/editor/
1276,https://scratch.mit.edu/projects/216094292/editor/
1277,https://scratch.mit.edu/projects/216021570/editor/
1279,https://scratch.mit.edu/projects/216047241/editor/
1280,https://scratch.mit.edu/projects/216050183/editor/
1281,https://scratch.mit.edu/projects/216103839/editor/
1288,https://scratch.mit.edu/projects/219659293/editor/
1290,https://scratch.mit.edu/projects/218182764/editor/
1292,https://scratch.mit.edu/projects/216096385/editor/
1294,https://scratch.mit.edu/projects/216019700/editor/
1302,https://scratch.mit.edu/projects/216018959/editor/
1307,https://scratch.mit.edu/projects/218184096/editor/
1319,https://scratch.mit.edu/projects/210193236/editor/
1320,https://scratch.mit.edu/projects/210997416/editor/
1321,https://scratch.mit.edu/projects/211278289/editor/
1322,https://scratch.mit.edu/projects/210487350/editor/
1324,https://scratch.mit.edu/projects/210996712/editor/
1325,https://scratch.mit.edu/projects/210478812/editor/
1326,https://scratch.mit.edu/projects/210478520/editor/
1328,https://scratch.mit.edu/projects/210189023/editor/
1331,https://scratch.mit.edu/projects/210477642/editor/
1333,https://scratch.mit.edu/projects/212627980/editor/
1340,https://scratch.mit.edu/projects/210542830/editor/
1341,https://scratch.mit.edu/projects/210541332/editor/
1342,https://scratch.mit.edu/projects/210544376/editor/
1343,https://scratch.mit.edu/projects/210546161/editor/
1344,https://scratch.mit.edu/projects/210548704/editor/
1345,https://scratch.mit.edu/projects/210542187/editor/
1347,https://scratch.mit.edu/projects/210541102/editor/
1348,https://scratch.mit.edu/projects/210544292/editor/
1351,https://scratch.mit.edu/projects/210947890/editor/
1355,https://scratch.mit.edu/projects/210541569/editor/
1362,https://scratch.mit.edu/projects/218171960/editor/
1363,https://scratch.mit.edu/projects/218170610/editor/
1365,https://scratch.mit.edu/projects/218171351/editor/
1367,https://scratch.mit.edu/projects/218171018/editor/
1368,https://scratch.mit.edu/projects/218171483/editor/
1369,https://scratch.mit.edu/projects/218172335/editor/
1372,https://scratch.mit.edu/projects/220243615/editor/
1375,https://scratch.mit.edu/projects/218172949/editor/
1376,https://scratch.mit.edu/projects/218171128/editor/
1377,https://scratch.mit.edu/projects/218171700/editor/
1378,https://scratch.mit.edu/projects/218183736/editor/
1385,https://scratch.mit.edu/projects/218191920/editor/
1388,https://scratch.mit.edu/projects/218191416/editor/
1389,https://scratch.mit.edu/projects/218191352/editor/
1390,https://scratch.mit.edu/projects/218191857/editor/
1391,https://scratch.mit.edu/projects/218191766/editor/
1392,https://scratch.mit.edu/projects/218191738/editor/
1394,https://scratch.mit.edu/projects/218191088/editor/
1395,https://scratch.mit.edu/projects/218192272/editor/
1397,https://scratch.mit.edu/projects/218195365/editor/
1401,https://scratch.mit.edu/projects/219950563/editor/
1402,https://scratch.mit.edu/projects/214328497/editor/
1407,https://scratch.mit.edu/projects/219046349/editor/
1408,https://scratch.mit.edu/projects/218378379/editor/
1410,https://scratch.mit.edu/projects/218377291/editor/
1412,https://scratch.mit.edu/projects/218377717/editor/
1413,https://scratch.mit.edu/projects/218377658/editor/
1414,https://scratch.mit.edu/projects/218377471/editor/
1415,https://scratch.mit.edu/projects/218377602/editor/
1416,https://scratch.mit.edu/projects/215504396/editor/
1418,https://scratch.mit.edu/projects/218377900/editor/
1420,https://scratch.mit.edu/projects/218377419/editor/
1428,https://scratch.mit.edu/projects/218376517/editor/
1430,https://scratch.mit.edu/projects/218378396/editor/
1431,https://scratch.mit.edu/projects/218090387/editor/
1432,https://scratch.mit.edu/projects/214923362/editor/
1433,https://scratch.mit.edu/projects/218090350/editor/
1434,https://scratch.mit.edu/projects/218091402/editor/
1435,https://scratch.mit.edu/projects/218091745/editor/
1437,https://scratch.mit.edu/projects/218089798/editor/
1438,https://scratch.mit.edu/projects/218090039/editor/
1439,https://scratch.mit.edu/projects/214492452/editor/
1440,https://scratch.mit.edu/projects/216021451/editor/
1441,https://scratch.mit.edu/projects/214931729/editor/
1443,https://scratch.mit.edu/projects/218390724/editor/
1448,https://scratch.mit.edu/projects/218090974/editor/
1455,https://scratch.mit.edu/projects/183007824//editor/
1457,https://scratch.mit.edu/projects/183093660//editor/
1459,https://scratch.mit.edu/projects/183093675//editor/
1461,https://scratch.mit.edu/projects/182594691//editor/
1463,https://scratch.mit.edu/projects/182686934//editor/
1465,https://scratch.mit.edu/projects/183021388/editor/
1467,https://scratch.mit.edu/projects/183021216//editor/
1469,https://scratch.mit.edu/projects/183021117//editor/
1471,https://scratch.mit.edu/projects/182647869//editor/
1473,https://scratch.mit.edu/projects/184535838//editor/
1475,https://scratch.mit.edu/projects/182649745//editor/
1477,https://scratch.mit.edu/projects/182686529//editor/
1478,https://scratch.mit.edu/projects/183021259//editor/
1480,https://scratch.mit.edu/projects/182597038//editor/
1482,https://scratch.mit.edu/projects/183008289//editor/
1484,https://scratch.mit.edu/projects/183107163//editor/
1486,https://scratch.mit.edu/projects/183093676//editor/
1488,https://scratch.mit.edu/projects/183021111//editor/
1490,https://scratch.mit.edu/projects/183065692//editor/
1492,https://scratch.mit.edu/projects/183007674//editor/
1494,https://scratch.mit.edu/projects/182651885//editor/
1496,https://scratch.mit.edu/projects/183093633//editor/
1498,https://scratch.mit.edu/projects/183107160//editor/
1500,https://scratch.mit.edu/projects/184041500//editor/
1502,https://scratch.mit.edu/projects/186087089//editor/
1504,https://scratch.mit.edu/projects/183116880//editor/
1507,https://scratch.mit.edu/projects/184079338//editor/
1509,https://scratch.mit.edu/projects/184448055//editor/
1511,https://scratch.mit.edu/projects/183093655//editor/
1514,https://scratch.mit.edu/projects/183021211/editor/
1516,https://scratch.mit.edu/projects/182647899//editor/
1518,https://scratch.mit.edu/projects/183021228//editor/
1520,https://scratch.mit.edu/projects/183093639//editor/
1522,https://scratch.mit.edu/projects/183021149//editor/
1524,https://scratch.mit.edu/projects/183093653//editor/
1526,https://scratch.mit.edu/projects/183009696//editor/
1528,https://scratch.mit.edu/projects/183093643//editor/
1530,https://scratch.mit.edu/projects/183065646//editor/
1532,https://scratch.mit.edu/projects/181922492//editor/
1534,https://scratch.mit.edu/projects/182686181//editor/
1536,https://scratch.mit.edu/projects/183835551//editor/
1538,https://scratch.mit.edu/projects/183007088//editor/
1540,https://scratch.mit.edu/projects/183021196//editor/
1542,https://scratch.mit.edu/projects/183021175//editor/
1544,https://scratch.mit.edu/projects/183007123//editor/
1546,https://scratch.mit.edu/projects/183093719//editor/
1548,https://scratch.mit.edu/projects/182647882//editor/
1551,https://scratch.mit.edu/projects/183107195//editor/
1553,https://scratch.mit.edu/projects/183007618//editor/
1556,https://scratch.mit.edu/projects/183107171//editor/
1558,https://scratch.mit.edu/projects/183107182//editor/
1560,https://scratch.mit.edu/projects/183482073//editor/
1562,https://scratch.mit.edu/projects/183021113//editor/
1564,https://scratch.mit.edu/projects/183007262//editor/
1566,https://scratch.mit.edu/projects/183093651//editor/
1568,https://scratch.mit.edu/projects/182648156//editor/
1572,https://scratch.mit.edu/projects/183065640//editor/
1574,https://scratch.mit.edu/projects/182196521//editor/
1576,https://scratch.mit.edu/projects/182188379//editor/
1578,https://scratch.mit.edu/projects/182376301//editor/
